<application>
  <component name="CosySettings">
    <option name="chatModelSelected">
      <map>
        <entry key="chat" value="default" />
        <entry key="developer" value="default" />
      </map>
    </option>
    <option name="dedicatedDomainUrl" value="" />
    <option name="localStoragePath" value="$USER_HOME$/.lingma" />
    <option name="manualOpenLocalModel" value="true" />
    <option name="methodQuickSwitchEnum" value="DISABLED" />
    <option name="parameter">
      <ChangeUserSettingParams>
        <option name="allowReportUsage" value="true" />
        <option name="cloud">
          <CloudModelParam>
            <option name="autoTrigger">
              <CloudModelAutoTrigger>
                <option name="enable" value="true" />
                <option name="generateLength" value="level_1" />
                <option name="modelLevel" value="large" />
              </CloudModelAutoTrigger>
            </option>
            <option name="enable" value="true" />
            <option name="manualTrigger">
              <CloudModelManualTrigger>
                <option name="generateLength" value="level_2" />
                <option name="modelLevel" value="large" />
              </CloudModelManualTrigger>
            </option>
          </CloudModelParam>
        </option>
        <option name="local">
          <LocalModelParam>
            <option name="enable" value="true" />
            <option name="inferenceMode" value="auto" />
            <option name="maxCandidateNum" value="3" />
          </LocalModelParam>
        </option>
      </ChangeUserSettingParams>
    </option>
    <option name="recentComplexQueries">
      <map>
        <entry key="question-and-answer|1274426268079620">
          <value>
            <list>
              <ChatRecentQuery>
                <option name="chatInputElements">
                  <list>
                    <ChatInputElement>
                      <option name="text" value="把这行合并成一行" />
                      <option name="type" value="text" />
                    </ChatInputElement>
                  </list>
                </option>
                <option name="contextTags">
                  <list>
                    <ChatContextTag>
                      <option name="componentType" value="comboBox" />
                      <option name="contextProvider">
                        <SuggestPrompt>
                          <option name="componentType" value="comboBox" />
                          <option name="contextName" value="selectedCode" />
                          <option name="drillDownEnable" value="false" />
                          <option name="enabled" value="true" />
                          <option name="extra">
                            <map>
                              <entry key="contextType">
                                <value>
                                  <Object />
                                </value>
                              </entry>
                            </map>
                          </option>
                          <option name="hint" value="selectedCode" />
                          <option name="id" value="858b986a-9b02-4d41-87ef-c7b6b92b44d7" />
                          <option name="sourceType" value="system" />
                          <option name="text" value="#selectedCode" />
                          <option name="type" value="context" />
                        </SuggestPrompt>
                      </option>
                      <option name="endLine" value="123" />
                      <option name="extra">
                        <map>
                          <entry key="contextType">
                            <value>
                              <Object />
                            </value>
                          </entry>
                          <entry key="endLine">
                            <value>
                              <Object />
                            </value>
                          </entry>
                          <entry key="fileName">
                            <value>
                              <Object />
                            </value>
                          </entry>
                          <entry key="filePath">
                            <value>
                              <Object />
                            </value>
                          </entry>
                          <entry key="selectedItemContent">
                            <value>
                              <Object />
                            </value>
                          </entry>
                          <entry key="startLine">
                            <value>
                              <Object />
                            </value>
                          </entry>
                        </map>
                      </option>
                      <option name="id" value="$USER_HOME$/Work/Java/question-and-answer/ai-report/src/main/java/com/sdecloud/report/qa/vo/QaTemplateVO.java#L58-L123" />
                      <option name="name" value="$USER_HOME$/Work/Java/question-and-answer/ai-report/src/main/java/com/sdecloud/report/qa/vo/QaTemplateVO.java#L58-L123" />
                      <option name="payload">
                        <Object />
                      </option>
                      <option name="sourceType" value="system" />
                      <option name="statLine" value="58" />
                      <option name="text" value="QaTemplateVO.java" />
                      <option name="type" value="currentFile" />
                    </ChatContextTag>
                  </list>
                </option>
              </ChatRecentQuery>
            </list>
          </value>
        </entry>
      </map>
    </option>
    <option name="recentQueries">
      <map>
        <entry key="data-enabled-platform|">
          <value>
            <list>
              <option value="/explain code" />
            </list>
          </value>
        </entry>
        <entry key="data-enabled-platform|1274426268079620">
          <value>
            <list>
              <option value="/explain code" />
              <option value="&quot;signature.ttf&quot;的属性值在linux是通过echo打印么" />
              <option value="/explain code" />
              <option value="PovertySubsidyFullDataDTO 这个参数怎样传递" />
              <option value="http如何传递" />
              <option value="PovertySubsidyFullDataDTO 这个参数在前端怎样传递" />
              <option value="/explain code" />
              <option value="如何引用" />
              <option value="处理两个String amount - beforeAmount 计算" />
              <option value="/generate optimization" />
              <option value="写一个sql更新数据库的一个字段，这个字段是varchar类型，里面存储的是数字类型，把这个字段减少100，如果这个字段减100之后小于0了，就让他为0" />
              <option value="/explain code" />
              <option value="LambdaQueryWrapper&lt;PovertySubsidyFullData&gt; queryWrapper = new LambdaQueryWrapper&lt;&gt;();&#10;        queryWrapper.eq(PovertySubsidyFullData::getTaskPeriod, taskPeriod);" />
              <option value="获取两个期别的数据" />
              <option value="taskPeriod的格式是yyyy-MM，如果现在数据是2024-01，如何得到2024-02" />
              <option value="/explain code" />
              <option value="我没有设置id，为什么插入的时候报重复id" />
              <option value="@Data&#10;@TableName(&quot;ts_dcq_poverty_subsidy_amount_standard&quot;)&#10;@ApiModel(value = &quot;德城区老年人补助金填报任务表&quot;)&#10;public class PovertySubsidyAmountStandard extends BaseEntity {&#10;&#10;    private static final long serialVersionUID = 1L;&#10;&#10;    @TableId(value = &quot;id&quot;, type = IdType.AUTO)&#10;    @ApiModelProperty(value = &quot;ID&quot;)&#10;    private String id;&#10;    /**&#10;     * 标准金额&#10;     */&#10;    @ApiModelProperty(value=&quot;标准金额&quot;)&#10;    private String amount;&#10;    /**&#10;     * 发放类型&#10;     */&#10;    @ApiModelProperty(value=&quot;发放类型&quot;)&#10;    private String giveType;&#10;    /**&#10;     * 金额变化&#10;     */&#10;    @ApiModelProperty(value=&quot;金额变化&quot;)&#10;    private String changeAmount;&#10;    /**&#10;     * 是否生效&#10;     */&#10;    @ApiModelProperty(value=&quot;是否生效&quot;)&#10;    private String enable;&#10;}" />
              <option value="/explain code" />
              <option value="这句话为什么不生效" />
            </list>
          </value>
        </entry>
        <entry key="dottools-baas|1274426268079620">
          <value>
            <list>
              <option value="/generate optimization" />
              <option value="/explain code" />
              <option value="你能否解释这个项目" />
              <option value="我想实现一个手机号验证码登录" />
              <option value="能否根据上面的EmailService给我写一个SmsService" />
              <option value="@Component 和 @Service 有啥区别么" />
              <option value="那上面的SmsService是不是应该用@Service" />
              <option value="上面的SmsService继承阿里云的短信服务" />
              <option value="阿里云短信验证码的maven依赖" />
              <option value="Could not find artifact com.aliyun:aliyun-java-sdk-dysmsapi:pom:1.5.12 in jitpack.io (https://jitpack.io)&#10;Could not find artifact com.aliyun:aliyun-java-sdk-dysmsapi:pom:1.5.12 in jitpack.io (https://jitpack.io)" />
              <option value="/explain code" />
              <option value="SmsService的yaml的配置生成一下" />
              <option value="spring如何给所有的接口加入一个v1" />
              <option value="/explain code" />
              <option value="STS方式是什么" />
              <option value="上面的SMSService生成一个yaml的配置" />
              <option value="根据上面的SmsService帮我写一个发送验证码的Controller" />
              <option value="加入频率限制" />
              <option value="/explain code" />
              <option value="这个插件是干什么的" />
            </list>
          </value>
        </entry>
        <entry key="efp6-parent|1274426268079620">
          <value>
            <list>
              <option value="/explain code" />
              <option value="@pms.hasPermi 这个是什么意思" />
              <option value="/explain code" />
              <option value="update方法参数如何串" />
              <option value="Java获取今日的日期，转化为20240710格式" />
              <option value="/explain code" />
              <option value="List如何进行group" />
              <option value="/explain code" />
              <option value="curl加入cookie值" />
              <option value="/explain code" />
            </list>
          </value>
        </entry>
        <entry key="jnjtysxm|1274426268079620">
          <value>
            <list>
              <option value="针对以下终端信息，请解释原因并提供修复意见。" />
              <option value="/explain code" />
              <option value="找到他的注入实现" />
              <option value="/generate unit test" />
            </list>
          </value>
        </entry>
        <entry key="jnjtysxm|1274426268079620|">
          <value>
            <list>
              <option value="针对以下终端信息，请解释原因并提供修复意见。" />
            </list>
          </value>
        </entry>
        <entry key="oup-preview|1274426268079620">
          <value>
            <list>
              <option value="/explain code" />
              <option value="yaml中的---是什么意思" />
              <option value="/explain code" />
            </list>
          </value>
        </entry>
        <entry key="oup|1274426268079620">
          <value>
            <list>
              <option value="/explain code" />
              <option value="scm" />
            </list>
          </value>
        </entry>
      </map>
    </option>
    <option name="showInlineAcceptTips" value="false" />
    <option name="showInlineCancelTips" value="false" />
    <option name="showInlineNextTips" value="false" />
    <option name="showInlinePrevTips" value="false" />
    <option name="showInlineTriggerTips" value="false" />
  </component>
</application>