<application>
  <component name="DesignSurface">
    <option name="filePathToZoomLevelMap">
      <map>
        <entry key="../../../../../layout/custom_preview.xml" value="0.1" />
        <entry key="../../../../../usr/local/Cellar/gradle/caches/transforms-2/files-2.1/888ba7ddc73108d633840797315961d5/material-spinner-1.3.1/res/drawable/ms__arrow.xml" value="0.15885416666666666" />
        <entry key="../../../Library/Android/sdk/platforms/android-30/data/res/layout/simple_list_item_2.xml" value="0.23233695652173914" />
        <entry key="../../../Library/Android/sdk/platforms/android-30/data/res/layout/simple_spinner_dropdown_item.xml" value="0.2001013171225937" />
        <entry key="../../../Library/Android/sdk/platforms/android-30/data/res/layout/simple_spinner_item.xml" value="0.2001013171225937" />
        <entry key="MPChartExample/src/main/res/layout/activity_barchart.xml" value="0.4114583333333333" />
        <entry key="MPChartExample/src/main/res/layout/activity_main.xml" value="0.25407608695652173" />
        <entry key="MPChartExample/src/main/res/layout/activity_piechart.xml" value="0.25407608695652173" />
        <entry key="YZxing-lib/src/main/res/layout/fragment_scanner.xml" value="0.23541666666666666" />
        <entry key="YZxing-lib/src/main/res/layout/layout_activity_scanner.xml" value="0.23541666666666666" />
        <entry key="YZxing-lib/src/main/res/layout/layout_activity_show_result.xml" value="0.1" />
        <entry key="app/src/main/res/drawable-v24/ic_date_select.xml" value="0.42" />
        <entry key="app/src/main/res/drawable-v24/ic_launcher_foreground.xml" value="0.4265625" />
        <entry key="app/src/main/res/drawable-v24/ic_time.xml" value="0.42" />
        <entry key="app/src/main/res/drawable/a_bg_for_msg_up.xml" value="0.42" />
        <entry key="app/src/main/res/drawable/a_bg_for_progress_dialog.xml" value="0.42" />
        <entry key="app/src/main/res/drawable/a_bg_for_transfer_money.xml" value="0.41759259259259257" />
        <entry key="app/src/main/res/drawable/actionbar_menu_selector.xml" value="0.42" />
        <entry key="app/src/main/res/drawable/bg_alarm_screen.xml" value="0.42" />
        <entry key="app/src/main/res/drawable/bg_black_border.xml" value="0.3888888888888889" />
        <entry key="app/src/main/res/drawable/bg_btn_blue.xml" value="0.42" />
        <entry key="app/src/main/res/drawable/bg_btn_green.xml" value="0.42" />
        <entry key="app/src/main/res/drawable/bg_btn_grey.xml" value="0.42" />
        <entry key="app/src/main/res/drawable/bg_btn_orange.xml" value="0.42" />
        <entry key="app/src/main/res/drawable/bg_btn_room.xml" value="0.42" />
        <entry key="app/src/main/res/drawable/bg_cb_filter.xml" value="0.42" />
        <entry key="app/src/main/res/drawable/bg_edit.xml" value="0.38333333333333336" />
        <entry key="app/src/main/res/drawable/bg_for_shatup.xml" value="0.42" />
        <entry key="app/src/main/res/drawable/bg_pop.xml" value="0.4265625" />
        <entry key="app/src/main/res/drawable/bg_recg_cornor_white.xml" value="0.4265625" />
        <entry key="app/src/main/res/drawable/bg_rect_corner_white.xml" value="0.3138888888888889" />
        <entry key="app/src/main/res/drawable/bg_rect_cornor_white.xml" value="0.40370370370370373" />
        <entry key="app/src/main/res/drawable/bg_round.xml" value="0.25052083333333336" />
        <entry key="app/src/main/res/drawable/bg_slide_selected.xml" value="0.40370370370370373" />
        <entry key="app/src/main/res/drawable/bg_splash.xml" value="0.4265625" />
        <entry key="app/src/main/res/drawable/bg_square_editext.xml" value="0.42" />
        <entry key="app/src/main/res/drawable/bg_tip_dialog.xml" value="0.42" />
        <entry key="app/src/main/res/drawable/bg_verify_dialog.xml" value="0.42" />
        <entry key="app/src/main/res/drawable/bg_white_dialog_common.xml" value="0.33055555555555555" />
        <entry key="app/src/main/res/drawable/bg_workbench_item.xml" value="0.42" />
        <entry key="app/src/main/res/drawable/book_peer.xml" value="0.375" />
        <entry key="app/src/main/res/drawable/btn_common_main.xml" value="0.42" />
        <entry key="app/src/main/res/drawable/common_divider.xml" value="0.175" />
        <entry key="app/src/main/res/drawable/cup18.xml" value="0.375" />
        <entry key="app/src/main/res/drawable/cup19.xml" value="0.375" />
        <entry key="app/src/main/res/drawable/cup21.xml" value="0.375" />
        <entry key="app/src/main/res/drawable/cup23.xml" value="0.375" />
        <entry key="app/src/main/res/drawable/cup3.xml" value="0.375" />
        <entry key="app/src/main/res/drawable/cup4.xml" value="0.42" />
        <entry key="app/src/main/res/drawable/cup6.xml" value="0.375" />
        <entry key="app/src/main/res/drawable/cup7.xml" value="0.375" />
        <entry key="app/src/main/res/drawable/cup_24.xml" value="0.375" />
        <entry key="app/src/main/res/drawable/cup_26.xml" value="0.375" />
        <entry key="app/src/main/res/drawable/cup_27.xml" value="0.375" />
        <entry key="app/src/main/res/drawable/dialog_style_bg.xml" value="0.42" />
        <entry key="app/src/main/res/drawable/dialog_tip_selector_background_ripple.xml" value="0.42" />
        <entry key="app/src/main/res/drawable/divbg.xml" value="0.42" />
        <entry key="app/src/main/res/drawable/divider_bottom_dialog.xml" value="0.42" />
        <entry key="app/src/main/res/drawable/divider_line_normal.xml" value="0.42" />
        <entry key="app/src/main/res/drawable/dot_selector.xml" value="0.42" />
        <entry key="app/src/main/res/drawable/et_search_bg.xml" value="0.42" />
        <entry key="app/src/main/res/drawable/face_chang_bg.xml" value="0.42" />
        <entry key="app/src/main/res/drawable/fillet_dialog_bg.xml" value="0.42" />
        <entry key="app/src/main/res/drawable/food_apple.xml" value="0.4265625" />
        <entry key="app/src/main/res/drawable/food_banana.xml" value="0.42" />
        <entry key="app/src/main/res/drawable/food_baozi.xml" value="0.375" />
        <entry key="app/src/main/res/drawable/food_benincasa_pruriens.xml" value="0.3527777777777778" />
        <entry key="app/src/main/res/drawable/food_biscuits.xml" value="0.3527777777777778" />
        <entry key="app/src/main/res/drawable/food_blueberry.xml" value="0.42" />
        <entry key="app/src/main/res/drawable/food_boluo.xml" value="0.375" />
        <entry key="app/src/main/res/drawable/food_bun.xml" value="0.42" />
        <entry key="app/src/main/res/drawable/food_carrot.xml" value="0.4265625" />
        <entry key="app/src/main/res/drawable/food_cola.xml" value="0.4265625" />
        <entry key="app/src/main/res/drawable/food_cola_2.xml" value="0.4265625" />
        <entry key="app/src/main/res/drawable/food_colo_2.xml" value="0.375" />
        <entry key="app/src/main/res/drawable/food_donut.xml" value="0.4265625" />
        <entry key="app/src/main/res/drawable/food_durian.xml" value="0.4265625" />
        <entry key="app/src/main/res/drawable/food_egg.xml" value="0.375" />
        <entry key="app/src/main/res/drawable/food_eggs.xml" value="0.375" />
        <entry key="app/src/main/res/drawable/food_fish2.xml" value="0.375" />
        <entry key="app/src/main/res/drawable/food_green_pepper.xml" value="0.3527777777777778" />
        <entry key="app/src/main/res/drawable/food_guozi.xml" value="0.375" />
        <entry key="app/src/main/res/drawable/food_hongdou.xml" value="0.42" />
        <entry key="app/src/main/res/drawable/food_huolongguo.xml" value="0.375" />
        <entry key="app/src/main/res/drawable/food_jinju.xml" value="0.375" />
        <entry key="app/src/main/res/drawable/food_kumquat.xml" value="0.4265625" />
        <entry key="app/src/main/res/drawable/food_lanmei.xml" value="0.375" />
        <entry key="app/src/main/res/drawable/food_lemen.xml" value="0.375" />
        <entry key="app/src/main/res/drawable/food_litchi.xml" value="0.4265625" />
        <entry key="app/src/main/res/drawable/food_liulian.xml" value="0.375" />
        <entry key="app/src/main/res/drawable/food_lizhi.xml" value="0.375" />
        <entry key="app/src/main/res/drawable/food_meat.xml" value="0.42" />
        <entry key="app/src/main/res/drawable/food_mifan.xml" value="0.375" />
        <entry key="app/src/main/res/drawable/food_mihoutao.xml" value="0.375" />
        <entry key="app/src/main/res/drawable/food_milk.xml" value="0.4265625" />
        <entry key="app/src/main/res/drawable/food_milk_tea.xml" value="0.42" />
        <entry key="app/src/main/res/drawable/food_naicha.xml" value="0.375" />
        <entry key="app/src/main/res/drawable/food_noodle1.xml" value="0.42" />
        <entry key="app/src/main/res/drawable/food_noodle2.xml" value="0.42" />
        <entry key="app/src/main/res/drawable/food_orange.xml" value="0.42" />
        <entry key="app/src/main/res/drawable/food_pineapple.xml" value="0.42" />
        <entry key="app/src/main/res/drawable/food_qiezi.xml" value="0.16510416666666666" />
        <entry key="app/src/main/res/drawable/food_red_dates.xml" value="0.4265625" />
        <entry key="app/src/main/res/drawable/food_rice.xml" value="0.42" />
        <entry key="app/src/main/res/drawable/food_tangerine.xml" value="0.4265625" />
        <entry key="app/src/main/res/drawable/food_tangerinr.xml" value="0.38333333333333336" />
        <entry key="app/src/main/res/drawable/food_vegetable.xml" value="0.42" />
        <entry key="app/src/main/res/drawable/food_water.xml" value="0.4265625" />
        <entry key="app/src/main/res/drawable/food_youzi.xml" value="0.375" />
        <entry key="app/src/main/res/drawable/foot_sweet_potato.xml" value="0.30185185185185187" />
        <entry key="app/src/main/res/drawable/full_divider.xml" value="0.42" />
        <entry key="app/src/main/res/drawable/full_right_divider.xml" value="0.41759259259259257" />
        <entry key="app/src/main/res/drawable/grad_dark.xml" value="0.42" />
        <entry key="app/src/main/res/drawable/grop_dialog_bg.xml" value="0.42" />
        <entry key="app/src/main/res/drawable/ic___.xml" value="0.2898148148148148" />
        <entry key="app/src/main/res/drawable/ic____.xml" value="0.42" />
        <entry key="app/src/main/res/drawable/ic_add.xml" value="0.5" />
        <entry key="app/src/main/res/drawable/ic_arraw_down.xml" value="0.4265625" />
        <entry key="app/src/main/res/drawable/ic_arrow_left.xml" value="0.4265625" />
        <entry key="app/src/main/res/drawable/ic_back.xml" value="0.5" />
        <entry key="app/src/main/res/drawable/ic_backup.xml" value="0.42" />
        <entry key="app/src/main/res/drawable/ic_body_fat.xml" value="0.2814814814814815" />
        <entry key="app/src/main/res/drawable/ic_calendar.xml" value="0.4265625" />
        <entry key="app/src/main/res/drawable/ic_check.xml" value="0.4265625" />
        <entry key="app/src/main/res/drawable/ic_checked.xml" value="0.42" />
        <entry key="app/src/main/res/drawable/ic_close.xml" value="0.25052083333333336" />
        <entry key="app/src/main/res/drawable/ic_communicate.xml" value="0.4265625" />
        <entry key="app/src/main/res/drawable/ic_config_info.xml" value="0.4265625" />
        <entry key="app/src/main/res/drawable/ic_config_sport.xml" value="0.4265625" />
        <entry key="app/src/main/res/drawable/ic_cup.xml" value="0.4265625" />
        <entry key="app/src/main/res/drawable/ic_database.xml" value="0.42" />
        <entry key="app/src/main/res/drawable/ic_date_select.xml" value="0.42" />
        <entry key="app/src/main/res/drawable/ic_def_app.xml" value="0.42" />
        <entry key="app/src/main/res/drawable/ic_del.xml" value="0.4265625" />
        <entry key="app/src/main/res/drawable/ic_del_smail.xml" value="0.42" />
        <entry key="app/src/main/res/drawable/ic_del_small.xml" value="0.4265625" />
        <entry key="app/src/main/res/drawable/ic_dir.xml" value="0.42" />
        <entry key="app/src/main/res/drawable/ic_edit_pen.xml" value="0.4265625" />
        <entry key="app/src/main/res/drawable/ic_email.xml" value="0.42" />
        <entry key="app/src/main/res/drawable/ic_empty_states.xml" value="0.42" />
        <entry key="app/src/main/res/drawable/ic_eyes_invisible.xml" value="0.41759259259259257" />
        <entry key="app/src/main/res/drawable/ic_eyes_visible.xml" value="0.42" />
        <entry key="app/src/main/res/drawable/ic_fab_add.xml" value="0.4265625" />
        <entry key="app/src/main/res/drawable/ic_file.xml" value="0.42" />
        <entry key="app/src/main/res/drawable/ic_filter_checked.xml" value="0.16510416666666666" />
        <entry key="app/src/main/res/drawable/ic_filter_normal.xml" value="0.16510416666666666" />
        <entry key="app/src/main/res/drawable/ic_food_def.xml" value="0.42" />
        <entry key="app/src/main/res/drawable/ic_get.xml" value="0.42" />
        <entry key="app/src/main/res/drawable/ic_invisible.xml" value="0.42" />
        <entry key="app/src/main/res/drawable/ic_launcher_background.xml" value="0.4265625" />
        <entry key="app/src/main/res/drawable/ic_lock.xml" value="0.4265625" />
        <entry key="app/src/main/res/drawable/ic_mycup.xml" value="0.4265625" />
        <entry key="app/src/main/res/drawable/ic_no_speaker.xml" value="0.25052083333333336" />
        <entry key="app/src/main/res/drawable/ic_ok.xml" value="0.4265625" />
        <entry key="app/src/main/res/drawable/ic_passwd.xml" value="0.4265625" />
        <entry key="app/src/main/res/drawable/ic_potato.xml" value="0.3527777777777778" />
        <entry key="app/src/main/res/drawable/ic_radar.xml" value="0.1" />
        <entry key="app/src/main/res/drawable/ic_remove_ads.xml" value="0.4265625" />
        <entry key="app/src/main/res/drawable/ic_right_arrow.xml" value="0.3888888888888889" />
        <entry key="app/src/main/res/drawable/ic_search.xml" value="0.42" />
        <entry key="app/src/main/res/drawable/ic_search_clear.xml" value="0.4265625" />
        <entry key="app/src/main/res/drawable/ic_security.xml" value="0.4265625" />
        <entry key="app/src/main/res/drawable/ic_setting.xml" value="0.4265625" />
        <entry key="app/src/main/res/drawable/ic_share.xml" value="0.42" />
        <entry key="app/src/main/res/drawable/ic_star.xml" value="0.42" />
        <entry key="app/src/main/res/drawable/ic_statistics.xml" value="0.42" />
        <entry key="app/src/main/res/drawable/ic_support.xml" value="0.4265625" />
        <entry key="app/src/main/res/drawable/ic_time.xml" value="0.4265625" />
        <entry key="app/src/main/res/drawable/ic_timer.xml" value="0.41759259259259257" />
        <entry key="app/src/main/res/drawable/ic_tomato.xml" value="0.41759259259259257" />
        <entry key="app/src/main/res/drawable/ic_user.xml" value="0.38333333333333336" />
        <entry key="app/src/main/res/drawable/im_tool_camera_button_bg.xml" value="0.4101851851851852" />
        <entry key="app/src/main/res/drawable/im_tool_group_button_bg.xml" value="0.4101851851851852" />
        <entry key="app/src/main/res/drawable/im_tool_photo_button_bg.xml" value="0.4101851851851852" />
        <entry key="app/src/main/res/drawable/list_selector_background_ripple.xml" value="0.42" />
        <entry key="app/src/main/res/drawable/me_divider.xml" value="0.40370370370370373" />
        <entry key="app/src/main/res/drawable/privacy_agree.xml" value="0.25052083333333336" />
        <entry key="app/src/main/res/drawable/remark_edit.xml" value="0.4265625" />
        <entry key="app/src/main/res/drawable/sel_keypad.xml" value="0.42" />
        <entry key="app/src/main/res/drawable/sidebar_background.xml" value="0.42" />
        <entry key="app/src/main/res/drawable/tab_chat_normal_bg.xml" value="0.42" />
        <entry key="app/src/main/res/drawable/tab_group_normal_bg.xml" value="0.42" />
        <entry key="app/src/main/res/drawable/tab_my_normal_bg.xml" value="0.42" />
        <entry key="app/src/main/res/drawable/tab_unread_bg.xml" value="0.42" />
        <entry key="app/src/main/res/drawable/tab_workbench_normal_bg.xml" value="0.42" />
        <entry key="app/src/main/res/drawable/toggle_eye.xml" value="0.42" />
        <entry key="app/src/main/res/layout-land/activity_now_clock.xml" value="0.1" />
        <entry key="app/src/main/res/layout-land/activity_task_detail.xml" value="0.34832451499118167" />
        <entry key="app/src/main/res/layout/a_act_voice_record.xml" value="0.24003623188405798" />
        <entry key="app/src/main/res/layout/a_activity_chang_chatbg.xml" value="0.5" />
        <entry key="app/src/main/res/layout/a_activity_select_set_type.xml" value="0.32563405797101447" />
        <entry key="app/src/main/res/layout/a_dialog_custimize_progress_dialog.xml" value="0.25271739130434784" />
        <entry key="app/src/main/res/layout/a_dialog_for_external_open.xml" value="0.2001013171225937" />
        <entry key="app/src/main/res/layout/a_dialog_for_font_size.xml" value="0.2001013171225937" />
        <entry key="app/src/main/res/layout/a_dialog_for_match_keyword_browser.xml" value="0.2001013171225937" />
        <entry key="app/src/main/res/layout/a_item_resume_find.xml" value="0.26403985507246375" />
        <entry key="app/src/main/res/layout/a_item_set_manager.xml" value="0.2001013171225937" />
        <entry key="app/src/main/res/layout/activity_about_me.xml" value="0.19074074074074074" />
        <entry key="app/src/main/res/layout/activity_add_drink_record.xml" value="0.3432971014492754" />
        <entry key="app/src/main/res/layout/activity_add_food_record.xml" value="0.3786008230452675" />
        <entry key="app/src/main/res/layout/activity_add_info.xml" value="0.245018115942029" />
        <entry key="app/src/main/res/layout/activity_add_muc_file.xml" value="0.32563405797101447" />
        <entry key="app/src/main/res/layout/activity_add_my_cup.xml" value="0.32563405797101447" />
        <entry key="app/src/main/res/layout/activity_add_my_food.xml" value="0.32563405797101447" />
        <entry key="app/src/main/res/layout/activity_add_task.xml" value="0.32563405797101447" />
        <entry key="app/src/main/res/layout/activity_add_weight_info.xml" value="0.32563405797101447" />
        <entry key="app/src/main/res/layout/activity_audio_meet.xml" value="0.5" />
        <entry key="app/src/main/res/layout/activity_backup.xml" value="0.32563405797101447" />
        <entry key="app/src/main/res/layout/activity_base_list.xml" value="0.5" />
        <entry key="app/src/main/res/layout/activity_basic_info_new.xml" value="0.32563405797101447" />
        <entry key="app/src/main/res/layout/activity_billing_options.xml" value="0.3179347826086957" />
        <entry key="app/src/main/res/layout/activity_breakfast_notification.xml" value="0.2504528985507246" />
        <entry key="app/src/main/res/layout/activity_calendar.xml" value="0.32563405797101447" />
        <entry key="app/src/main/res/layout/activity_calendar_chooser.xml" value="0.32563405797101447" />
        <entry key="app/src/main/res/layout/activity_change_password.xml" value="0.26403985507246375" />
        <entry key="app/src/main/res/layout/activity_chat.xml" value="0.5" />
        <entry key="app/src/main/res/layout/activity_chat_history.xml" value="0.5" />
        <entry key="app/src/main/res/layout/activity_chat_overview.xml" value="0.2001013171225937" />
        <entry key="app/src/main/res/layout/activity_cmd_main.xml" value="0.26811594202898553" />
        <entry key="app/src/main/res/layout/activity_config_setting.xml" value="0.32563405797101447" />
        <entry key="app/src/main/res/layout/activity_contacts.xml" value="0.5" />
        <entry key="app/src/main/res/layout/activity_contacts_msg_invite.xml" value="0.24561403508771928" />
        <entry key="app/src/main/res/layout/activity_create_label.xml" value="0.21851851851851853" />
        <entry key="app/src/main/res/layout/activity_cup_choose.xml" value="0.3432971014492754" />
        <entry key="app/src/main/res/layout/activity_day_end.xml" value="0.223731884057971" />
        <entry key="app/src/main/res/layout/activity_device_login.xml" value="0.5" />
        <entry key="app/src/main/res/layout/activity_dinner.xml" value="0.32563405797101447" />
        <entry key="app/src/main/res/layout/activity_drink_statistics.xml" value="0.32563405797101447" />
        <entry key="app/src/main/res/layout/activity_easy_camera.xml" value="0.2001013171225937" />
        <entry key="app/src/main/res/layout/activity_error.xml" value="0.23541666666666666" />
        <entry key="app/src/main/res/layout/activity_food_info.xml" value="0.32563405797101447" />
        <entry key="app/src/main/res/layout/activity_food_record_detail.xml" value="0.27898550724637683" />
        <entry key="app/src/main/res/layout/activity_food_statistics.xml" value="0.259963768115942" />
        <entry key="app/src/main/res/layout/activity_gen.xml" value="0.2001013171225937" />
        <entry key="app/src/main/res/layout/activity_gen_q_r_code.xml" value="0.2001013171225937" />
        <entry key="app/src/main/res/layout/activity_group_manager.xml" value="0.32563405797101447" />
        <entry key="app/src/main/res/layout/activity_hello.xml" value="0.2572463768115942" />
        <entry key="app/src/main/res/layout/activity_im_code_image.xml" value="0.32563405797101447" />
        <entry key="app/src/main/res/layout/activity_image_preview.xml" value="0.1897644927536232" />
        <entry key="app/src/main/res/layout/activity_invite_verify.xml" value="0.2587268993839836" />
        <entry key="app/src/main/res/layout/activity_jitsi_audio_meet.xml" value="0.5" />
        <entry key="app/src/main/res/layout/activity_jitsi_invite.xml" value="0.5" />
        <entry key="app/src/main/res/layout/activity_jitsi_talk.xml" value="0.375" />
        <entry key="app/src/main/res/layout/activity_login.xml" value="0.32563405797101447" />
        <entry key="app/src/main/res/layout/activity_lunch_notification.xml" value="0.2001013171225937" />
        <entry key="app/src/main/res/layout/activity_main.xml" value="0.32563405797101447" />
        <entry key="app/src/main/res/layout/activity_main2.xml" value="0.2463768115942029" />
        <entry key="app/src/main/res/layout/activity_main_03.xml" value="0.24592391304347827" />
        <entry key="app/src/main/res/layout/activity_manager_company.xml" value="0.4114583333333333" />
        <entry key="app/src/main/res/layout/activity_manager_emoji.xml" value="0.5" />
        <entry key="app/src/main/res/layout/activity_message_remind.xml" value="0.32563405797101447" />
        <entry key="app/src/main/res/layout/activity_messageinstant.xml" value="0.5" />
        <entry key="app/src/main/res/layout/activity_modify_passwd.xml" value="0.23233695652173914" />
        <entry key="app/src/main/res/layout/activity_muc_dateils.xml" value="0.5" />
        <entry key="app/src/main/res/layout/activity_muc_file.xml" value="0.32563405797101447" />
        <entry key="app/src/main/res/layout/activity_muc_file_preview.xml" value="0.23073347038668696" />
        <entry key="app/src/main/res/layout/activity_my_config.xml" value="0.32563405797101447" />
        <entry key="app/src/main/res/layout/activity_my_cup.xml" value="0.32563405797101447" />
        <entry key="app/src/main/res/layout/activity_my_food.xml" value="0.32563405797101447" />
        <entry key="app/src/main/res/layout/activity_my_food_choose.xml" value="0.1" />
        <entry key="app/src/main/res/layout/activity_my_food_icon_choose.xml" value="0.2001013171225937" />
        <entry key="app/src/main/res/layout/activity_new_friend.xml" value="0.32563405797101447" />
        <entry key="app/src/main/res/layout/activity_newchat_person_selected.xml" value="0.2037037037037037" />
        <entry key="app/src/main/res/layout/activity_notice_list.xml" value="0.5" />
        <entry key="app/src/main/res/layout/activity_notification_dinner.xml" value="0.4114583333333333" />
        <entry key="app/src/main/res/layout/activity_notification_proxy.xml" value="0.2001013171225937" />
        <entry key="app/src/main/res/layout/activity_now_clock.xml" value="0.23550724637681159" />
        <entry key="app/src/main/res/layout/activity_passwd_forget.xml" value="0.32563405797101447" />
        <entry key="app/src/main/res/layout/activity_person_setting.xml" value="0.5" />
        <entry key="app/src/main/res/layout/activity_photopicker.xml" value="0.5" />
        <entry key="app/src/main/res/layout/activity_proclamation.xml" value="0.32563405797101447" />
        <entry key="app/src/main/res/layout/activity_quick_meeting.xml" value="0.24592391304347827" />
        <entry key="app/src/main/res/layout/activity_quick_send_preview.xml" value="0.2001013171225937" />
        <entry key="app/src/main/res/layout/activity_record_voice2.xml" value="0.24003623188405798" />
        <entry key="app/src/main/res/layout/activity_register.xml" value="0.259963768115942" />
        <entry key="app/src/main/res/layout/activity_register_basic.xml" value="0.259963768115942" />
        <entry key="app/src/main/res/layout/activity_regiter.xml" value="0.245018115942029" />
        <entry key="app/src/main/res/layout/activity_room.xml" value="0.32563405797101447" />
        <entry key="app/src/main/res/layout/activity_room_all_member.xml" value="0.5" />
        <entry key="app/src/main/res/layout/activity_room_copy.xml" value="0.21851851851851853" />
        <entry key="app/src/main/res/layout/activity_room_info.xml" value="0.32563405797101447" />
        <entry key="app/src/main/res/layout/activity_room_info_footer.xml" value="0.32563405797101447" />
        <entry key="app/src/main/res/layout/activity_room_info_header.xml" value="0.32563405797101447" />
        <entry key="app/src/main/res/layout/activity_room_search.xml" value="0.5" />
        <entry key="app/src/main/res/layout/activity_room_search_result.xml" value="0.5" />
        <entry key="app/src/main/res/layout/activity_router_config.xml" value="0.18931159420289856" />
        <entry key="app/src/main/res/layout/activity_screen_setting.xml" value="0.19326241134751773" />
        <entry key="app/src/main/res/layout/activity_search_all.xml" value="0.23541666666666666" />
        <entry key="app/src/main/res/layout/activity_search_chat_history.xml" value="0.250996015936255" />
        <entry key="app/src/main/res/layout/activity_search_designation_content.xml" value="0.23333333333333334" />
        <entry key="app/src/main/res/layout/activity_search_image_video_content.xml" value="0.5" />
        <entry key="app/src/main/res/layout/activity_search_single_type.xml" value="0.5" />
        <entry key="app/src/main/res/layout/activity_select_chat.xml" value="0.2037037037037037" />
        <entry key="app/src/main/res/layout/activity_select_colleague.xml" value="0.5" />
        <entry key="app/src/main/res/layout/activity_select_contacts.xml" value="0.21851851851851853" />
        <entry key="app/src/main/res/layout/activity_select_friends.xml" value="0.5" />
        <entry key="app/src/main/res/layout/activity_select_group_assistant.xml" value="0.5" />
        <entry key="app/src/main/res/layout/activity_select_label.xml" value="0.2037037037037037" />
        <entry key="app/src/main/res/layout/activity_select_my_food.xml" value="0.2001013171225937" />
        <entry key="app/src/main/res/layout/activity_select_prefix.xml" value="0.32563405797101447" />
        <entry key="app/src/main/res/layout/activity_set_label.xml" value="0.21851851851851853" />
        <entry key="app/src/main/res/layout/activity_set_manager.xml" value="0.23790322580645162" />
        <entry key="app/src/main/res/layout/activity_set_remark.xml" value="0.23228346456692914" />
        <entry key="app/src/main/res/layout/activity_setting.xml" value="0.32563405797101447" />
        <entry key="app/src/main/res/layout/activity_share_text.xml" value="0.2572463768115942" />
        <entry key="app/src/main/res/layout/activity_share_txt_detail.xml" value="0.2513586956521739" />
        <entry key="app/src/main/res/layout/activity_simple_pinned_list.xml" value="0.5" />
        <entry key="app/src/main/res/layout/activity_single_image_preview.xml" value="0.32563405797101447" />
        <entry key="app/src/main/res/layout/activity_smslogin.xml" value="0.4114583333333333" />
        <entry key="app/src/main/res/layout/activity_stack.xml" value="0.2441123188405797" />
        <entry key="app/src/main/res/layout/activity_talk.xml" value="0.24592391304347827" />
        <entry key="app/src/main/res/layout/activity_task_archived.xml" value="0.26811594202898553" />
        <entry key="app/src/main/res/layout/activity_task_calendar.xml" value="0.23541666666666666" />
        <entry key="app/src/main/res/layout/activity_task_detail.xml" value="0.32563405797101447" />
        <entry key="app/src/main/res/layout/activity_task_detail_font_setting.xml" value="0.26403985507246375" />
        <entry key="app/src/main/res/layout/activity_task_detail_screen_setting.xml" value="0.32563405797101447" />
        <entry key="app/src/main/res/layout/activity_task_detail_setting.xml" value="0.2572463768115942" />
        <entry key="app/src/main/res/layout/activity_test.xml" value="0.2001013171225937" />
        <entry key="app/src/main/res/layout/activity_transfer.xml" value="0.5" />
        <entry key="app/src/main/res/layout/activity_unit_setting.xml" value="0.26811594202898553" />
        <entry key="app/src/main/res/layout/activity_user_info.xml" value="0.4114583333333333" />
        <entry key="app/src/main/res/layout/activity_user_list_gather.xml" value="0.2001013171225937" />
        <entry key="app/src/main/res/layout/activity_user_search.xml" value="0.32563405797101447" />
        <entry key="app/src/main/res/layout/activity_version_history.xml" value="0.5" />
        <entry key="app/src/main/res/layout/activity_video_preview_chat.xml" value="0.2001013171225937" />
        <entry key="app/src/main/res/layout/activity_video_record.xml" value="0.2001013171225937" />
        <entry key="app/src/main/res/layout/activity_web_detail.xml" value="0.2001013171225937" />
        <entry key="app/src/main/res/layout/activity_web_view.xml" value="0.5" />
        <entry key="app/src/main/res/layout/activity_web_view_room.xml" value="0.23333333333333334" />
        <entry key="app/src/main/res/layout/activity_weight_statustics.xml" value="0.2001013171225937" />
        <entry key="app/src/main/res/layout/activity_welcome.xml" value="0.32473444613050073" />
        <entry key="app/src/main/res/layout/activity_workbench_detail.xml" value="0.32563405797101447" />
        <entry key="app/src/main/res/layout/addressbook_fragment.xml" value="0.32563405797101447" />
        <entry key="app/src/main/res/layout/article_window.xml" value="0.2001013171225937" />
        <entry key="app/src/main/res/layout/bg_rect_corner_white.xml" value="0.23541666666666666" />
        <entry key="app/src/main/res/layout/bllod_pressure_fragment.xml" value="0.1" />
        <entry key="app/src/main/res/layout/block_search_new_friend.xml" value="0.23541666666666666" />
        <entry key="app/src/main/res/layout/block_search_result.xml" value="0.23541666666666666" />
        <entry key="app/src/main/res/layout/block_search_result_single_type.xml" value="0.23541666666666666" />
        <entry key="app/src/main/res/layout/block_select_extension.xml" value="0.2001013171225937" />
        <entry key="app/src/main/res/layout/blood_lipids_fragment.xml" value="0.1" />
        <entry key="app/src/main/res/layout/blood_pressure_fragment.xml" value="0.2572463768115942" />
        <entry key="app/src/main/res/layout/blood_suger_fragment.xml" value="0.2572463768115942" />
        <entry key="app/src/main/res/layout/breakfast_fragment.xml" value="0.32563405797101447" />
        <entry key="app/src/main/res/layout/calendar_day_layout.xml" value="0.4114583333333333" />
        <entry key="app/src/main/res/layout/camera_view.xml" value="0.2001013171225937" />
        <entry key="app/src/main/res/layout/chat_bottom.xml" value="0.32563405797101447" />
        <entry key="app/src/main/res/layout/chat_bottom_face.xml" value="0.32563405797101447" />
        <entry key="app/src/main/res/layout/chat_bottom_for_sg.xml" value="0.24003623188405798" />
        <entry key="app/src/main/res/layout/chat_bottom_public.xml" value="0.32563405797101447" />
        <entry key="app/src/main/res/layout/chat_bottom_select.xml" value="0.32563405797101447" />
        <entry key="app/src/main/res/layout/chat_bottom_tools.xml" value="0.32563405797101447" />
        <entry key="app/src/main/res/layout/chat_face_gridview.xml" value="0.23541666666666666" />
        <entry key="app/src/main/res/layout/chat_face_view.xml" value="0.32563405797101447" />
        <entry key="app/src/main/res/layout/chat_for_sg.xml" value="0.5" />
        <entry key="app/src/main/res/layout/chat_from_item_action_card.xml" value="0.5" />
        <entry key="app/src/main/res/layout/chat_from_item_call.xml" value="0.2001013171225937" />
        <entry key="app/src/main/res/layout/chat_from_item_card.xml" value="0.2001013171225937" />
        <entry key="app/src/main/res/layout/chat_from_item_dice.xml" value="0.2001013171225937" />
        <entry key="app/src/main/res/layout/chat_from_item_gif.xml" value="0.2001013171225937" />
        <entry key="app/src/main/res/layout/chat_from_item_history.xml" value="0.2001013171225937" />
        <entry key="app/src/main/res/layout/chat_from_item_image.xml" value="0.2001013171225937" />
        <entry key="app/src/main/res/layout/chat_from_item_link.xml" value="0.2001013171225937" />
        <entry key="app/src/main/res/layout/chat_from_item_location.xml" value="0.2001013171225937" />
        <entry key="app/src/main/res/layout/chat_from_item_redpacket.xml" value="0.2001013171225937" />
        <entry key="app/src/main/res/layout/chat_from_item_request_chat_key.xml" value="0.2001013171225937" />
        <entry key="app/src/main/res/layout/chat_from_item_shake.xml" value="0.2001013171225937" />
        <entry key="app/src/main/res/layout/chat_from_item_text.xml" value="0.2001013171225937" />
        <entry key="app/src/main/res/layout/chat_from_item_text_img.xml" value="0.2001013171225937" />
        <entry key="app/src/main/res/layout/chat_from_item_text_img_many.xml" value="0.2001013171225937" />
        <entry key="app/src/main/res/layout/chat_from_item_text_replay.xml" value="0.2001013171225937" />
        <entry key="app/src/main/res/layout/chat_from_item_transfer.xml" value="0.2001013171225937" />
        <entry key="app/src/main/res/layout/chat_from_item_video.xml" value="0.2001013171225937" />
        <entry key="app/src/main/res/layout/chat_from_item_voice.xml" value="0.2001013171225937" />
        <entry key="app/src/main/res/layout/chat_from_item_voice1.xml" value="0.2001013171225937" />
        <entry key="app/src/main/res/layout/chat_item_live_system.xml" value="0.2001013171225937" />
        <entry key="app/src/main/res/layout/chat_item_system.xml" value="0.2001013171225937" />
        <entry key="app/src/main/res/layout/chat_to_item_action_card.xml" value="0.2001013171225937" />
        <entry key="app/src/main/res/layout/chat_to_item_call.xml" value="0.2001013171225937" />
        <entry key="app/src/main/res/layout/chat_to_item_card.xml" value="0.2001013171225937" />
        <entry key="app/src/main/res/layout/chat_to_item_dice.xml" value="0.2001013171225937" />
        <entry key="app/src/main/res/layout/chat_to_item_gif.xml" value="0.2001013171225937" />
        <entry key="app/src/main/res/layout/chat_to_item_history.xml" value="0.2001013171225937" />
        <entry key="app/src/main/res/layout/chat_to_item_image.xml" value="0.2001013171225937" />
        <entry key="app/src/main/res/layout/chat_to_item_link.xml" value="0.2001013171225937" />
        <entry key="app/src/main/res/layout/chat_to_item_location.xml" value="0.2001013171225937" />
        <entry key="app/src/main/res/layout/chat_to_item_redpacket.xml" value="0.2001013171225937" />
        <entry key="app/src/main/res/layout/chat_to_item_request_chat_key.xml" value="0.2001013171225937" />
        <entry key="app/src/main/res/layout/chat_to_item_shake.xml" value="0.2001013171225937" />
        <entry key="app/src/main/res/layout/chat_to_item_text.xml" value="0.2001013171225937" />
        <entry key="app/src/main/res/layout/chat_to_item_text_img.xml" value="0.2001013171225937" />
        <entry key="app/src/main/res/layout/chat_to_item_text_img_many.xml" value="0.2001013171225937" />
        <entry key="app/src/main/res/layout/chat_to_item_text_replay.xml" value="0.2001013171225937" />
        <entry key="app/src/main/res/layout/chat_to_item_transfer.xml" value="0.2001013171225937" />
        <entry key="app/src/main/res/layout/chat_to_item_video.xml" value="0.2001013171225937" />
        <entry key="app/src/main/res/layout/chat_to_item_voice.xml" value="0.2001013171225937" />
        <entry key="app/src/main/res/layout/chat_to_item_voice1.xml" value="0.2001013171225937" />
        <entry key="app/src/main/res/layout/chat_tools_item.xml" value="0.2246376811594203" />
        <entry key="app/src/main/res/layout/chat_tools_view_all.xml" value="0.32563405797101447" />
        <entry key="app/src/main/res/layout/chat_tools_view_for_sg.xml" value="0.24003623188405798" />
        <entry key="app/src/main/res/layout/chat_voice_window.xml" value="0.23369565217391305" />
        <entry key="app/src/main/res/layout/collection_ma_item.xml" value="0.23541666666666666" />
        <entry key="app/src/main/res/layout/collections_gridview.xml" value="0.23541666666666666" />
        <entry key="app/src/main/res/layout/collections_gridview_init.xml" value="0.23541666666666666" />
        <entry key="app/src/main/res/layout/delete_dialog.xml" value="0.2001013171225937" />
        <entry key="app/src/main/res/layout/dialog_author.xml" value="0.2001013171225937" />
        <entry key="app/src/main/res/layout/dialog_bottom_list.xml" value="0.25271739130434784" />
        <entry key="app/src/main/res/layout/dialog_chat_tool.xml" value="0.10925925925925926" />
        <entry key="app/src/main/res/layout/dialog_delete_muc_file.xml" value="0.2001013171225937" />
        <entry key="app/src/main/res/layout/dialog_double_input.xml" value="0.32563405797101447" />
        <entry key="app/src/main/res/layout/dialog_filter_list.xml" value="0.2001013171225937" />
        <entry key="app/src/main/res/layout/dialog_filter_list_p.xml" value="0.5" />
        <entry key="app/src/main/res/layout/dialog_list_menu.xml" value="0.2246376811594203" />
        <entry key="app/src/main/res/layout/dialog_loading.xml" value="0.10925925925925926" />
        <entry key="app/src/main/res/layout/dialog_meet_replay.xml" value="0.24592391304347827" />
        <entry key="app/src/main/res/layout/dialog_share.xml" value="0.19655797101449277" />
        <entry key="app/src/main/res/layout/dialog_single_chat_tool.xml" value="0.24003623188405798" />
        <entry key="app/src/main/res/layout/dialog_single_input.xml" value="0.32563405797101447" />
        <entry key="app/src/main/res/layout/dialog_talk_user.xml" value="0.24592391304347827" />
        <entry key="app/src/main/res/layout/dinner_fragment.xml" value="0.26811594202898553" />
        <entry key="app/src/main/res/layout/drink_fragment.xml" value="0.32563405797101447" />
        <entry key="app/src/main/res/layout/email_dialog.xml" value="0.2001013171225937" />
        <entry key="app/src/main/res/layout/emotion_gridview.xml" value="0.2463768115942029" />
        <entry key="app/src/main/res/layout/face_surgery_layout.xml" value="0.2001013171225937" />
        <entry key="app/src/main/res/layout/filter_item_layout.xml" value="0.2001013171225937" />
        <entry key="app/src/main/res/layout/footer_friend_fragment.xml" value="0.32563405797101447" />
        <entry key="app/src/main/res/layout/footer_pull_refresh.xml" value="0.23233695652173914" />
        <entry key="app/src/main/res/layout/forward_dialog.xml" value="0.2001013171225937" />
        <entry key="app/src/main/res/layout/fragment_billing_dialog.xml" value="0.23097826086956522" />
        <entry key="app/src/main/res/layout/fragment_blood_lipids.xml" value="0.1" />
        <entry key="app/src/main/res/layout/fragment_common_info.xml" value="0.2001013171225937" />
        <entry key="app/src/main/res/layout/fragment_common_input_dialog.xml" value="0.2001013171225937" />
        <entry key="app/src/main/res/layout/fragment_contacts.xml" value="0.32563405797101447" />
        <entry key="app/src/main/res/layout/fragment_dialog_detail_drink.xml" value="0.1" />
        <entry key="app/src/main/res/layout/fragment_export_data.xml" value="0.32563405797101447" />
        <entry key="app/src/main/res/layout/fragment_food_record.xml" value="0.32563405797101447" />
        <entry key="app/src/main/res/layout/fragment_gen_dialog.xml" value="0.2001013171225937" />
        <entry key="app/src/main/res/layout/fragment_home.xml" value="0.23541666666666666" />
        <entry key="app/src/main/res/layout/fragment_import_data.xml" value="0.2504528985507246" />
        <entry key="app/src/main/res/layout/fragment_pictrue.xml" value="0.2001013171225937" />
        <entry key="app/src/main/res/layout/fragment_premium.xml" value="0.23541666666666666" />
        <entry key="app/src/main/res/layout/fragment_rate_us_dialog.xml" value="0.28442028985507245" />
        <entry key="app/src/main/res/layout/fragment_room.xml" value="0.25815217391304346" />
        <entry key="app/src/main/res/layout/fragment_settings.xml" value="0.23541666666666666" />
        <entry key="app/src/main/res/layout/fragment_start_weight_set_dialog.xml" value="0.32563405797101447" />
        <entry key="app/src/main/res/layout/fragment_viedio.xml" value="0.2001013171225937" />
        <entry key="app/src/main/res/layout/fragment_weight.xml" value="0.32563405797101447" />
        <entry key="app/src/main/res/layout/fragment_weight_state.xml" value="0.2368659420289855" />
        <entry key="app/src/main/res/layout/gag_dialog.xml" value="0.10925925925925926" />
        <entry key="app/src/main/res/layout/head_contact.xml" value="0.24320652173913043" />
        <entry key="app/src/main/res/layout/head_for_messagefragment.xml" value="0.2001013171225937" />
        <entry key="app/src/main/res/layout/head_for_room_fragment.xml" value="0.32563405797101447" />
        <entry key="app/src/main/res/layout/header_pull_refresh.xml" value="0.23233695652173914" />
        <entry key="app/src/main/res/layout/ic_date_select.xml" value="0.27898550724637683" />
        <entry key="app/src/main/res/layout/item_at_select.xml" value="0.2001013171225937" />
        <entry key="app/src/main/res/layout/item_billing_options_list.xml" value="0.3269927536231884" />
        <entry key="app/src/main/res/layout/item_browser.xml" value="0.2001013171225937" />
        <entry key="app/src/main/res/layout/item_camera.xml" value="0.2001013171225937" />
        <entry key="app/src/main/res/layout/item_chat_long_click.xml" value="0.2001013171225937" />
        <entry key="app/src/main/res/layout/item_course_list.xml" value="0.2001013171225937" />
        <entry key="app/src/main/res/layout/item_cup_choose.xml" value="0.2391304347826087" />
        <entry key="app/src/main/res/layout/item_cup_item_card.xml" value="0.3432971014492754" />
        <entry key="app/src/main/res/layout/item_day_list.xml" value="0.32563405797101447" />
        <entry key="app/src/main/res/layout/item_dialog_bottom_list.xml" value="0.25271739130434784" />
        <entry key="app/src/main/res/layout/item_dialog_meet_replay.xml" value="0.24592391304347827" />
        <entry key="app/src/main/res/layout/item_drink_record_list.xml" value="0.32563405797101447" />
        <entry key="app/src/main/res/layout/item_face_collection.xml" value="0.23541666666666666" />
        <entry key="app/src/main/res/layout/item_face_collection_init.xml" value="0.23541666666666666" />
        <entry key="app/src/main/res/layout/item_face_emotion.xml" value="0.24003623188405798" />
        <entry key="app/src/main/res/layout/item_face_gif.xml" value="0.23541666666666666" />
        <entry key="app/src/main/res/layout/item_filter.xml" value="0.2001013171225937" />
        <entry key="app/src/main/res/layout/item_folder.xml" value="0.2001013171225937" />
        <entry key="app/src/main/res/layout/item_food_choose.xml" value="0.1" />
        <entry key="app/src/main/res/layout/item_food_component_element.xml" value="0.259963768115942" />
        <entry key="app/src/main/res/layout/item_food_icon_choose.xml" value="0.2001013171225937" />
        <entry key="app/src/main/res/layout/item_food_list.xml" value="0.4114583333333333" />
        <entry key="app/src/main/res/layout/item_food_record_list.xml" value="0.32563405797101447" />
        <entry key="app/src/main/res/layout/item_headview_creategroup_chat.xml" value="0.2001013171225937" />
        <entry key="app/src/main/res/layout/item_jitsi_audio_meet.xml" value="0.1" />
        <entry key="app/src/main/res/layout/item_menu_text.xml" value="0.32563405797101447" />
        <entry key="app/src/main/res/layout/item_muc_file_bean.xml" value="0.32563405797101447" />
        <entry key="app/src/main/res/layout/item_muc_file_title.xml" value="0.32563405797101447" />
        <entry key="app/src/main/res/layout/item_my_cup_list.xml" value="0.32563405797101447" />
        <entry key="app/src/main/res/layout/item_nearby_grid.xml" value="0.24320652173913043" />
        <entry key="app/src/main/res/layout/item_preview.xml" value="0.2001013171225937" />
        <entry key="app/src/main/res/layout/item_progress_pecent.xml" value="0.2001013171225937" />
        <entry key="app/src/main/res/layout/item_recently_contacts.xml" value="0.2001013171225937" />
        <entry key="app/src/main/res/layout/item_room_info_view.xml" value="0.32563405797101447" />
        <entry key="app/src/main/res/layout/item_search_history.xml" value="0.2001013171225937" />
        <entry key="app/src/main/res/layout/item_search_result_chat_history.xml" value="0.2001013171225937" />
        <entry key="app/src/main/res/layout/item_search_result_contacts.xml" value="0.19655797101449277" />
        <entry key="app/src/main/res/layout/item_search_result_room.xml" value="0.23541666666666666" />
        <entry key="app/src/main/res/layout/item_search_result_single_chat_history.xml" value="0.2001013171225937" />
        <entry key="app/src/main/res/layout/item_select_chat.xml" value="0.2001013171225937" />
        <entry key="app/src/main/res/layout/item_select_image.xml" value="0.2001013171225937" />
        <entry key="app/src/main/res/layout/item_share_txt_list.xml" value="0.2513586956521739" />
        <entry key="app/src/main/res/layout/item_talk_history.xml" value="0.24320652173913043" />
        <entry key="app/src/main/res/layout/item_task_archived_list.xml" value="0.26811594202898553" />
        <entry key="app/src/main/res/layout/item_task_detail_setting.xml" value="0.23052536231884058" />
        <entry key="app/src/main/res/layout/item_task_list.xml" value="0.32563405797101447" />
        <entry key="app/src/main/res/layout/item_text_img_many.xml" value="0.1" />
        <entry key="app/src/main/res/layout/item_tools_pager.xml" value="0.2246376811594203" />
        <entry key="app/src/main/res/layout/item_verify.xml" value="0.2001013171225937" />
        <entry key="app/src/main/res/layout/item_weight_record_list.xml" value="0.3269927536231884" />
        <entry key="app/src/main/res/layout/item_workbenchapp.xml" value="0.25271739130434784" />
        <entry key="app/src/main/res/layout/jitsi_talk_item.xml" value="0.24592391304347827" />
        <entry key="app/src/main/res/layout/jitsiconnecting.xml" value="0.1" />
        <entry key="app/src/main/res/layout/layout_course_dateils.xml" value="0.2037037037037037" />
        <entry key="app/src/main/res/layout/layout_data_load.xml" value="0.2001013171225937" />
        <entry key="app/src/main/res/layout/layout_expand.xml" value="0.2001013171225937" />
        <entry key="app/src/main/res/layout/layout_list_empty_view.xml" value="0.2001013171225937" />
        <entry key="app/src/main/res/layout/layout_pullrefresh_list.xml" value="0.5" />
        <entry key="app/src/main/res/layout/layout_pullrefresh_list_os.xml" value="0.24592391304347827" />
        <entry key="app/src/main/res/layout/layout_pullrefresh_list_slide.xml" value="0.2001013171225937" />
        <entry key="app/src/main/res/layout/layout_ruler_kg.xml" value="0.32563405797101447" />
        <entry key="app/src/main/res/layout/layout_workbenchapp.xml" value="0.32563405797101447" />
        <entry key="app/src/main/res/layout/list_selector_background_ripple_radius.xml" value="0.25271739130434784" />
        <entry key="app/src/main/res/layout/local_course_empty_view.xml" value="0.2001013171225937" />
        <entry key="app/src/main/res/layout/lunch_fragment.xml" value="0.26811594202898553" />
        <entry key="app/src/main/res/layout/main_drawer.xml" value="0.2572463768115942" />
        <entry key="app/src/main/res/layout/main_footer.xml" value="0.2572463768115942" />
        <entry key="app/src/main/res/layout/main_fragment.xml" value="0.3242753623188406" />
        <entry key="app/src/main/res/layout/manager_company_item.xml" value="0.32563405797101447" />
        <entry key="app/src/main/res/layout/manager_company_item_select.xml" value="0.2001013171225937" />
        <entry key="app/src/main/res/layout/me_fragment.xml" value="0.4114583333333333" />
        <entry key="app/src/main/res/layout/message_instantconfirm.xml" value="0.2001013171225937" />
        <entry key="app/src/main/res/layout/message_instantconfirm_new.xml" value="0.32563405797101447" />
        <entry key="app/src/main/res/layout/msg_fragment.xml" value="0.32563405797101447" />
        <entry key="app/src/main/res/layout/msg_save_days_dialog.xml" value="0.2001013171225937" />
        <entry key="app/src/main/res/layout/nav_header.xml" value="0.3432971014492754" />
        <entry key="app/src/main/res/layout/nearby_near_grid_fragment.xml" value="0.19655797101449277" />
        <entry key="app/src/main/res/layout/open_browser.xml" value="0.2001013171225937" />
        <entry key="app/src/main/res/layout/p_msg_item_main_body.xml" value="0.2001013171225937" />
        <entry key="app/src/main/res/layout/page_audio_meet_member.xml" value="0.24592391304347827" />
        <entry key="app/src/main/res/layout/panel_audio_meet_multi.xml" value="0.5" />
        <entry key="app/src/main/res/layout/panel_audio_meet_single.xml" value="0.24592391304347827" />
        <entry key="app/src/main/res/layout/photopicker_toolbar.xml" value="0.2001013171225937" />
        <entry key="app/src/main/res/layout/pop_at_room_member.xml" value="0.2001013171225937" />
        <entry key="app/src/main/res/layout/pop_send_card.xml" value="0.2001013171225937" />
        <entry key="app/src/main/res/layout/popu_basicinfo.xml" value="0.2001013171225937" />
        <entry key="app/src/main/res/layout/popu_company.xml" value="0.26403985507246375" />
        <entry key="app/src/main/res/layout/popu_create.xml" value="0.2001013171225937" />
        <entry key="app/src/main/res/layout/popu_department.xml" value="0.26403985507246375" />
        <entry key="app/src/main/res/layout/popu_employee.xml" value="0.26403985507246375" />
        <entry key="app/src/main/res/layout/popu_message.xml" value="0.2001013171225937" />
        <entry key="app/src/main/res/layout/pulldown_loading_view.xml" value="0.2463768115942029" />
        <entry key="app/src/main/res/layout/report_dialog.xml" value="0.2001013171225937" />
        <entry key="app/src/main/res/layout/row_add_telephone.xml" value="0.2001013171225937" />
        <entry key="app/src/main/res/layout/row_chat_history.xml" value="0.23777173913043478" />
        <entry key="app/src/main/res/layout/row_constant_select.xml" value="0.26403985507246375" />
        <entry key="app/src/main/res/layout/row_contacts_msg_invite.xml" value="0.2001013171225937" />
        <entry key="app/src/main/res/layout/row_create_label.xml" value="0.2001013171225937" />
        <entry key="app/src/main/res/layout/row_designation.xml" value="0.2001013171225937" />
        <entry key="app/src/main/res/layout/row_image_video.xml" value="0.2001013171225937" />
        <entry key="app/src/main/res/layout/row_item_delete.xml" value="0.2001013171225937" />
        <entry key="app/src/main/res/layout/row_item_delete_style.xml" value="0.2001013171225937" />
        <entry key="app/src/main/res/layout/row_local_video.xml" value="0.2001013171225937" />
        <entry key="app/src/main/res/layout/row_muc_room.xml" value="0.24592391304347827" />
        <entry key="app/src/main/res/layout/row_nearly_message.xml" value="0.32563405797101447" />
        <entry key="app/src/main/res/layout/row_new_friend.xml" value="0.32563405797101447" />
        <entry key="app/src/main/res/layout/row_notice.xml" value="0.2001013171225937" />
        <entry key="app/src/main/res/layout/row_report.xml" value="0.2001013171225937" />
        <entry key="app/src/main/res/layout/row_room_all_member.xml" value="0.2001013171225937" />
        <entry key="app/src/main/res/layout/row_search_chat_history.xml" value="0.2001013171225937" />
        <entry key="app/src/main/res/layout/row_select_contacts.xml" value="0.2001013171225937" />
        <entry key="app/src/main/res/layout/row_select_contacts_clone.xml" value="0.2001013171225937" />
        <entry key="app/src/main/res/layout/row_select_contacts_jitsi.xml" value="0.24592391304347827" />
        <entry key="app/src/main/res/layout/row_select_friend.xml" value="0.2001013171225937" />
        <entry key="app/src/main/res/layout/row_select_label.xml" value="0.2001013171225937" />
        <entry key="app/src/main/res/layout/row_set_label.xml" value="0.2001013171225937" />
        <entry key="app/src/main/res/layout/row_set_label_search.xml" value="0.2001013171225937" />
        <entry key="app/src/main/res/layout/row_show_telephone.xml" value="0.2001013171225937" />
        <entry key="app/src/main/res/layout/row_sort_friend.xml" value="0.32563405797101447" />
        <entry key="app/src/main/res/layout/row_transfer.xml" value="0.10925925925925926" />
        <entry key="app/src/main/res/layout/save_to_galley.xml" value="0.1" />
        <entry key="app/src/main/res/layout/select_chat_mode_dialog.xml" value="0.2001013171225937" />
        <entry key="app/src/main/res/layout/selection_frame.xml" value="0.2001013171225937" />
        <entry key="app/src/main/res/layout/snacks_fragment.xml" value="0.26811594202898553" />
        <entry key="app/src/main/res/layout/tab_custom.xml" value="0.2001013171225937" />
        <entry key="app/src/main/res/layout/task_list_fragment.xml" value="0.32563405797101447" />
        <entry key="app/src/main/res/layout/tip_dialog_permission_explain.xml" value="0.2807971014492754" />
        <entry key="app/src/main/res/layout/toolbar_back.xml" value="0.2001013171225937" />
        <entry key="app/src/main/res/layout/toolbar_com.xml" value="0.245018115942029" />
        <entry key="app/src/main/res/layout/v_choose_cup.xml" value="0.3432971014492754" />
        <entry key="app/src/main/res/layout/verify_dialog.xml" value="0.25271739130434784" />
        <entry key="app/src/main/res/layout/view_actionbar.xml" value="0.32563405797101447" />
        <entry key="app/src/main/res/layout/view_call_incall_audio.xml" value="0.2001013171225937" />
        <entry key="app/src/main/res/layout/view_call_incall_audio_02.xml" value="0.24592391304347827" />
        <entry key="app/src/main/res/layout/view_call_incall_false.xml" value="0.24592391304347827" />
        <entry key="app/src/main/res/layout/view_call_incall_video.xml" value="0.24592391304347827" />
        <entry key="app/src/main/res/layout/view_call_proxsensor.xml" value="0.24592391304347827" />
        <entry key="app/src/main/res/layout/view_call_trying.xml" value="0.23541666666666666" />
        <entry key="app/src/main/res/layout/view_dialer_button_image.xml" value="0.24592391304347827" />
        <entry key="app/src/main/res/layout/view_dialer_button_text.xml" value="0.24592391304347827" />
        <entry key="app/src/main/res/layout/view_dialer_buttons.xml" value="0.5" />
        <entry key="app/src/main/res/layout/view_head.xml" value="0.2463768115942029" />
        <entry key="app/src/main/res/layout/view_holder_state_from.xml" value="0.32563405797101447" />
        <entry key="app/src/main/res/layout/view_holder_state_to.xml" value="0.2001013171225937" />
        <entry key="app/src/main/res/layout/view_list_empty.xml" value="0.32563405797101447" />
        <entry key="app/src/main/res/layout/view_voice_anim.xml" value="0.2001013171225937" />
        <entry key="app/src/main/res/layout/viewstub_chatactivity.xml" value="0.32563405797101447" />
        <entry key="app/src/main/res/layout/viewstub_sg.xml" value="0.2001013171225937" />
        <entry key="app/src/main/res/layout/workbench_fragment.xml" value="0.32563405797101447" />
        <entry key="app/src/main/res/menu/main_drawer.xml" value="0.5" />
        <entry key="app/src/main/res/menu/menu_add.xml" value="0.4114583333333333" />
        <entry key="app/src/main/res/menu/menu_del_add.xml" value="0.4114583333333333" />
        <entry key="app/src/main/res/menu/menu_main.xml" value="0.4114583333333333" />
        <entry key="app/src/main/res/menu/menu_new_comment.xml" value="0.23541666666666666" />
        <entry key="app/src/main/res/menu/menu_preview.xml" value="0.40512820512820513" />
        <entry key="app/src/main/res/menu/menu_search.xml" value="0.4114583333333333" />
        <entry key="app/src/main/res/menu/menu_share.xml" value="0.40512820512820513" />
        <entry key="app/src/main/res/menu/menu_svip_main.xml" value="0.4114583333333333" />
        <entry key="app/src/main/res/mipmap-anydpi-v26/ic_launcher.xml" value="0.4265625" />
        <entry key="app/src/main/res/mipmap-anydpi-v26/ic_launcher_round.xml" value="0.4265625" />
        <entry key="app/src/main/res/xml/network_security_config.xml" value="0.25226449275362317" />
        <entry key="base-lib/src/main/res/layout/activity_base.xml" value="0.23541666666666666" />
        <entry key="base-lib/src/main/res/layout/toolbar_back.xml" value="0.23541666666666666" />
        <entry key="base-module/src/main/res/drawable/bg_btn_orange.xml" value="0.42" />
        <entry key="base-module/src/main/res/drawable/bg_square_editext.xml" value="0.42" />
        <entry key="base-module/src/main/res/drawable/bg_white_dialog_common.xml" value="0.42" />
        <entry key="base-module/src/main/res/drawable/ic_star.xml" value="0.42" />
        <entry key="base-module/src/main/res/layout/fragment_gen_dialog.xml" value="0.28442028985507245" />
        <entry key="base-module/src/main/res/layout/fragment_gen_input_dialog.xml" value="0.32563405797101447" />
        <entry key="base-module/src/main/res/layout/fragment_rate_us_dialog.xml" value="0.28442028985507245" />
        <entry key="base-module/src/main/res/layout/nav_header.xml" value="0.2572463768115942" />
        <entry key="base-module/src/main/res/layout/toolbar_back.xml" value="0.32563405797101447" />
        <entry key="ec-vpn/src/main/res/layout/activity_vpn_login.xml" value="0.13105507631055077" />
        <entry key="example/src/main/res/layout/activity_recycler.xml" value="0.3161231884057971" />
        <entry key="example/src/main/res/layout/linear_item.xml" value="0.3161231884057971" />
        <entry key="example/src/main/res/layout/month_header_item.xml" value="0.3161231884057971" />
        <entry key="jcvideoplayer-lib/src/main/res/drawable/jc_bottom_progress.xml" value="0.27391304347826084" />
        <entry key="jcvideoplayer-lib/src/main/res/layout/jc_layout_forchat.xml" value="0.18886612021857924" />
        <entry key="skWeiChatBaidu/src/main/res/drawable-v21/dialog_tip_selector_background_ripple.xml" value="0.2631756756756757" />
        <entry key="skWeiChatBaidu/src/main/res/drawable-v21/list_selector_background_ripple.xml" value="0.27391304347826084" />
        <entry key="skWeiChatBaidu/src/main/res/drawable-v21/list_selector_background_ripple_radius.xml" value="0.2631756756756757" />
        <entry key="skWeiChatBaidu/src/main/res/drawable/a_bg_for_msg_up.xml" value="0.27391304347826084" />
        <entry key="skWeiChatBaidu/src/main/res/drawable/a_bg_for_progress_dialog.xml" value="0.2631756756756757" />
        <entry key="skWeiChatBaidu/src/main/res/drawable/a_bg_for_transfer_money.xml" value="0.27391304347826084" />
        <entry key="skWeiChatBaidu/src/main/res/drawable/actionbar_menu_selector.xml" value="0.27668918918918917" />
        <entry key="skWeiChatBaidu/src/main/res/drawable/bg_btn_grey.xml" value="0.27391304347826084" />
        <entry key="skWeiChatBaidu/src/main/res/drawable/bg_btn_red.xml" value="0.27391304347826084" />
        <entry key="skWeiChatBaidu/src/main/res/drawable/bg_btn_room.xml" value="0.27668918918918917" />
        <entry key="skWeiChatBaidu/src/main/res/drawable/bg_circle.xml" value="0.27391304347826084" />
        <entry key="skWeiChatBaidu/src/main/res/drawable/bg_for_shatup.xml" value="0.27391304347826084" />
        <entry key="skWeiChatBaidu/src/main/res/drawable/bg_round.xml" value="0.27391304347826084" />
        <entry key="skWeiChatBaidu/src/main/res/drawable/bg_round_pink.xml" value="0.27391304347826084" />
        <entry key="skWeiChatBaidu/src/main/res/drawable/bg_slide_selected.xml" value="0.2631756756756757" />
        <entry key="skWeiChatBaidu/src/main/res/drawable/bg_splash.xml" value="0.27668918918918917" />
        <entry key="skWeiChatBaidu/src/main/res/drawable/bg_tip_dialog.xml" value="0.2631756756756757" />
        <entry key="skWeiChatBaidu/src/main/res/drawable/bg_verify_dialog.xml" value="0.2631756756756757" />
        <entry key="skWeiChatBaidu/src/main/res/drawable/bg_workbench_item.xml" value="0.27668918918918917" />
        <entry key="skWeiChatBaidu/src/main/res/drawable/button_green_bg.xml" value="0.27391304347826084" />
        <entry key="skWeiChatBaidu/src/main/res/drawable/button_orange_bg.xml" value="0.27391304347826084" />
        <entry key="skWeiChatBaidu/src/main/res/drawable/common_divider.xml" value="0.27668918918918917" />
        <entry key="skWeiChatBaidu/src/main/res/drawable/dialog_style_bg.xml" value="0.2631756756756757" />
        <entry key="skWeiChatBaidu/src/main/res/drawable/dialog_tip_selector_background_ripple.xml" value="0.2631756756756757" />
        <entry key="skWeiChatBaidu/src/main/res/drawable/divider_bottom_dialog.xml" value="0.2631756756756757" />
        <entry key="skWeiChatBaidu/src/main/res/drawable/divider_line_normal.xml" value="0.2631756756756757" />
        <entry key="skWeiChatBaidu/src/main/res/drawable/dot_selector.xml" value="0.27391304347826084" />
        <entry key="skWeiChatBaidu/src/main/res/drawable/et_search_bg.xml" value="0.27391304347826084" />
        <entry key="skWeiChatBaidu/src/main/res/drawable/et_search_storke_green.xml" value="0.27391304347826084" />
        <entry key="skWeiChatBaidu/src/main/res/drawable/face_chang_bg.xml" value="0.27391304347826084" />
        <entry key="skWeiChatBaidu/src/main/res/drawable/fillet_dialog_bg.xml" value="0.2631756756756757" />
        <entry key="skWeiChatBaidu/src/main/res/drawable/full_divider.xml" value="0.27391304347826084" />
        <entry key="skWeiChatBaidu/src/main/res/drawable/full_right_divider.xml" value="0.27668918918918917" />
        <entry key="skWeiChatBaidu/src/main/res/drawable/grop_dialog_bg.xml" value="0.2631756756756757" />
        <entry key="skWeiChatBaidu/src/main/res/drawable/im_tool_photo_button_bg.xml" value="0.27391304347826084" />
        <entry key="skWeiChatBaidu/src/main/res/drawable/im_tool_shake_button_bg.xml" value="0.27391304347826084" />
        <entry key="skWeiChatBaidu/src/main/res/drawable/im_tool_transfer_button_bg.xml" value="0.27391304347826084" />
        <entry key="skWeiChatBaidu/src/main/res/drawable/im_tool_video_button_bg.xml" value="0.27391304347826084" />
        <entry key="skWeiChatBaidu/src/main/res/drawable/list_selector_background_ripple.xml" value="0.27391304347826084" />
        <entry key="skWeiChatBaidu/src/main/res/drawable/list_selector_background_ripple_radius.xml" value="0.2631756756756757" />
        <entry key="skWeiChatBaidu/src/main/res/drawable/me_divider.xml" value="0.27391304347826084" />
        <entry key="skWeiChatBaidu/src/main/res/drawable/me_radiu_bg.xml" value="0.27668918918918917" />
        <entry key="skWeiChatBaidu/src/main/res/drawable/screen_shots_bg.xml" value="0.27391304347826084" />
        <entry key="skWeiChatBaidu/src/main/res/drawable/set_list_down_bg.xml" value="0.27668918918918917" />
        <entry key="skWeiChatBaidu/src/main/res/drawable/sidebar_background.xml" value="0.2631756756756757" />
        <entry key="skWeiChatBaidu/src/main/res/drawable/tab_chat_normal_bg.xml" value="0.2631756756756757" />
        <entry key="skWeiChatBaidu/src/main/res/drawable/tab_group_normal_bg.xml" value="0.2631756756756757" />
        <entry key="skWeiChatBaidu/src/main/res/drawable/tab_my_normal_bg.xml" value="0.2631756756756757" />
        <entry key="skWeiChatBaidu/src/main/res/drawable/tab_unread_bg.xml" value="0.27391304347826084" />
        <entry key="skWeiChatBaidu/src/main/res/drawable/tab_workbench_normal_bg.xml" value="0.2631756756756757" />
        <entry key="skWeiChatBaidu/src/main/res/drawable/tip_drawable.xml" value="0.27391304347826084" />
        <entry key="skWeiChatBaidu/src/main/res/drawable/toggle_eye.xml" value="0.27668918918918917" />
        <entry key="skWeiChatBaidu/src/main/res/layout/a_act_selectaddr.xml" value="0.2668918918918919" />
        <entry key="skWeiChatBaidu/src/main/res/layout/a_act_voice_record.xml" value="0.2062841530054645" />
        <entry key="skWeiChatBaidu/src/main/res/layout/a_activity_chang_chatbg.xml" value="0.19398907103825136" />
        <entry key="skWeiChatBaidu/src/main/res/layout/a_activity_my_collection.xml" value="0.13105507631055077" />
        <entry key="skWeiChatBaidu/src/main/res/layout/a_activity_select_set_type.xml" value="0.17452185792349728" />
        <entry key="skWeiChatBaidu/src/main/res/layout/a_activity_switch_language.xml" value="0.21755464480874318" />
        <entry key="skWeiChatBaidu/src/main/res/layout/a_dialog_custimize_progress_dialog.xml" value="0.23599726775956284" />
        <entry key="skWeiChatBaidu/src/main/res/layout/a_dialog_for_external_open.xml" value="0.17930327868852458" />
        <entry key="skWeiChatBaidu/src/main/res/layout/a_dialog_for_font_size.xml" value="0.17930327868852458" />
        <entry key="skWeiChatBaidu/src/main/res/layout/a_dialog_for_match_keyword_browser.xml" value="0.17930327868852458" />
        <entry key="skWeiChatBaidu/src/main/res/layout/a_item_resume_fnid.xml" value="0.13105507631055077" />
        <entry key="skWeiChatBaidu/src/main/res/layout/a_item_set_manager.xml" value="0.17452185792349728" />
        <entry key="skWeiChatBaidu/src/main/res/layout/a_view_actionbar.xml" value="0.2455601092896175" />
        <entry key="skWeiChatBaidu/src/main/res/layout/activity_add_muc_file.xml" value="0.17930327868852458" />
        <entry key="skWeiChatBaidu/src/main/res/layout/activity_audio_meet.xml" value="0.13105507631055077" />
        <entry key="skWeiChatBaidu/src/main/res/layout/activity_base_list.xml" value="0.13105507631055077" />
        <entry key="skWeiChatBaidu/src/main/res/layout/activity_basic_info.xml" value="0.13105507631055077" />
        <entry key="skWeiChatBaidu/src/main/res/layout/activity_basic_info_edit.xml" value="0.2533783783783784" />
        <entry key="skWeiChatBaidu/src/main/res/layout/activity_basic_info_new.xml" value="0.10277777777777777" />
        <entry key="skWeiChatBaidu/src/main/res/layout/activity_business_circle.xml" value="0.13105507631055077" />
        <entry key="skWeiChatBaidu/src/main/res/layout/activity_change_password.xml" value="0.2668918918918919" />
        <entry key="skWeiChatBaidu/src/main/res/layout/activity_chat_history.xml" value="0.18886612021857924" />
        <entry key="skWeiChatBaidu/src/main/res/layout/activity_chat_overview.xml" value="0.18886612021857924" />
        <entry key="skWeiChatBaidu/src/main/res/layout/activity_contacts.xml" value="0.13105507631055077" />
        <entry key="skWeiChatBaidu/src/main/res/layout/activity_contacts_msg_invite.xml" value="0.17930327868852458" />
        <entry key="skWeiChatBaidu/src/main/res/layout/activity_create_label.xml" value="0.17452185792349728" />
        <entry key="skWeiChatBaidu/src/main/res/layout/activity_device_login.xml" value="0.14256756756756755" />
        <entry key="skWeiChatBaidu/src/main/res/layout/activity_easy_camera.xml" value="0.16939890710382513" />
        <entry key="skWeiChatBaidu/src/main/res/layout/activity_forget_password.xml" value="0.2455601092896175" />
        <entry key="skWeiChatBaidu/src/main/res/layout/activity_group_manager.xml" value="0.17452185792349728" />
        <entry key="skWeiChatBaidu/src/main/res/layout/activity_im_code_image.xml" value="0.1" />
        <entry key="skWeiChatBaidu/src/main/res/layout/activity_image_preview.xml" value="0.14256756756756755" />
        <entry key="skWeiChatBaidu/src/main/res/layout/activity_invite_verify.xml" value="0.17930327868852458" />
        <entry key="skWeiChatBaidu/src/main/res/layout/activity_jitsi_audio_meet.xml" value="0.13105507631055077" />
        <entry key="skWeiChatBaidu/src/main/res/layout/activity_jitsi_invite.xml" value="0.13105507631055077" />
        <entry key="skWeiChatBaidu/src/main/res/layout/activity_jitsi_talk.xml" value="0.13105507631055077" />
        <entry key="skWeiChatBaidu/src/main/res/layout/activity_label_new_ui.xml" value="0.20662568306010928" />
        <entry key="skWeiChatBaidu/src/main/res/layout/activity_login.xml" value="0.2455601092896175" />
        <entry key="skWeiChatBaidu/src/main/res/layout/activity_login_history.xml" value="0.2533783783783784" />
        <entry key="skWeiChatBaidu/src/main/res/layout/activity_main.xml" value="0.2455601092896175" />
        <entry key="skWeiChatBaidu/src/main/res/layout/activity_main_03.xml" value="0.13105507631055077" />
        <entry key="skWeiChatBaidu/src/main/res/layout/activity_manager_company.xml" value="0.2455601092896175" />
        <entry key="skWeiChatBaidu/src/main/res/layout/activity_manager_emoji.xml" value="0.14256756756756755" />
        <entry key="skWeiChatBaidu/src/main/res/layout/activity_map_picker.xml" value="0.13105507631055077" />
        <entry key="skWeiChatBaidu/src/main/res/layout/activity_message_remind.xml" value="0.17930327868852458" />
        <entry key="skWeiChatBaidu/src/main/res/layout/activity_messageinstant.xml" value="0.17930327868852458" />
        <entry key="skWeiChatBaidu/src/main/res/layout/activity_muc_dateils.xml" value="0.17930327868852458" />
        <entry key="skWeiChatBaidu/src/main/res/layout/activity_muc_file.xml" value="0.17452185792349728" />
        <entry key="skWeiChatBaidu/src/main/res/layout/activity_muc_file_preview.xml" value="0.17930327868852458" />
        <entry key="skWeiChatBaidu/src/main/res/layout/activity_new_friend.xml" value="0.16939890710382513" />
        <entry key="skWeiChatBaidu/src/main/res/layout/activity_newchat_person_selected.xml" value="0.18886612021857924" />
        <entry key="skWeiChatBaidu/src/main/res/layout/activity_notice_list.xml" value="0.17452185792349728" />
        <entry key="skWeiChatBaidu/src/main/res/layout/activity_notification_proxy.xml" value="0.13105507631055077" />
        <entry key="skWeiChatBaidu/src/main/res/layout/activity_person_setting.xml" value="0.2668918918918919" />
        <entry key="skWeiChatBaidu/src/main/res/layout/activity_photopicker.xml" value="0.17930327868852458" />
        <entry key="skWeiChatBaidu/src/main/res/layout/activity_proclamation.xml" value="0.17452185792349728" />
        <entry key="skWeiChatBaidu/src/main/res/layout/activity_public_number_search.xml" value="0.13105507631055077" />
        <entry key="skWeiChatBaidu/src/main/res/layout/activity_quick_meeting.xml" value="0.13105507631055077" />
        <entry key="skWeiChatBaidu/src/main/res/layout/activity_quick_send_preview.xml" value="0.17930327868852458" />
        <entry key="skWeiChatBaidu/src/main/res/layout/activity_record_voice2.xml" value="0.2062841530054645" />
        <entry key="skWeiChatBaidu/src/main/res/layout/activity_register.xml" value="0.2455601092896175" />
        <entry key="skWeiChatBaidu/src/main/res/layout/activity_register_user_basic_info.xml" value="0.21755464480874318" />
        <entry key="skWeiChatBaidu/src/main/res/layout/activity_room.xml" value="0.2455601092896175" />
        <entry key="skWeiChatBaidu/src/main/res/layout/activity_room_all_member.xml" value="0.17452185792349728" />
        <entry key="skWeiChatBaidu/src/main/res/layout/activity_room_copy.xml" value="0.17452185792349728" />
        <entry key="skWeiChatBaidu/src/main/res/layout/activity_room_info.xml" value="0.17452185792349728" />
        <entry key="skWeiChatBaidu/src/main/res/layout/activity_room_info_footer.xml" value="0.17452185792349728" />
        <entry key="skWeiChatBaidu/src/main/res/layout/activity_room_info_header.xml" value="0.17452185792349728" />
        <entry key="skWeiChatBaidu/src/main/res/layout/activity_room_search.xml" value="0.13105507631055077" />
        <entry key="skWeiChatBaidu/src/main/res/layout/activity_search_all.xml" value="0.20662568306010928" />
        <entry key="skWeiChatBaidu/src/main/res/layout/activity_search_chat_history.xml" value="0.17930327868852458" />
        <entry key="skWeiChatBaidu/src/main/res/layout/activity_search_designation_content.xml" value="0.17930327868852458" />
        <entry key="skWeiChatBaidu/src/main/res/layout/activity_search_image_video_content.xml" value="0.17930327868852458" />
        <entry key="skWeiChatBaidu/src/main/res/layout/activity_search_single_type.xml" value="0.14256756756756755" />
        <entry key="skWeiChatBaidu/src/main/res/layout/activity_select_chat.xml" value="0.16939890710382513" />
        <entry key="skWeiChatBaidu/src/main/res/layout/activity_select_colleague.xml" value="0.21379781420765026" />
        <entry key="skWeiChatBaidu/src/main/res/layout/activity_select_contacts.xml" value="0.1" />
        <entry key="skWeiChatBaidu/src/main/res/layout/activity_select_friends.xml" value="0.16939890710382513" />
        <entry key="skWeiChatBaidu/src/main/res/layout/activity_select_group_assistant.xml" value="0.17930327868852458" />
        <entry key="skWeiChatBaidu/src/main/res/layout/activity_select_label.xml" value="0.16939890710382513" />
        <entry key="skWeiChatBaidu/src/main/res/layout/activity_set_label.xml" value="0.17452185792349728" />
        <entry key="skWeiChatBaidu/src/main/res/layout/activity_set_manager.xml" value="0.17452185792349728" />
        <entry key="skWeiChatBaidu/src/main/res/layout/activity_set_remark.xml" value="0.17452185792349728" />
        <entry key="skWeiChatBaidu/src/main/res/layout/activity_setting.xml" value="0.2455601092896175" />
        <entry key="skWeiChatBaidu/src/main/res/layout/activity_simple_pinned_list.xml" value="0.13105507631055077" />
        <entry key="skWeiChatBaidu/src/main/res/layout/activity_single_image_preview.xml" value="0.10277777777777777" />
        <entry key="skWeiChatBaidu/src/main/res/layout/activity_splash.xml" value="0.13105507631055077" />
        <entry key="skWeiChatBaidu/src/main/res/layout/activity_switch.xml" value="0.2455601092896175" />
        <entry key="skWeiChatBaidu/src/main/res/layout/activity_talk.xml" value="0.13105507631055077" />
        <entry key="skWeiChatBaidu/src/main/res/layout/activity_test.xml" value="0.17452185792349728" />
        <entry key="skWeiChatBaidu/src/main/res/layout/activity_transfer.xml" value="0.17452185792349728" />
        <entry key="skWeiChatBaidu/src/main/res/layout/activity_user_list_gather.xml" value="0.2668918918918919" />
        <entry key="skWeiChatBaidu/src/main/res/layout/activity_user_search.xml" value="0.2668918918918919" />
        <entry key="skWeiChatBaidu/src/main/res/layout/activity_version_history.xml" value="0.2455601092896175" />
        <entry key="skWeiChatBaidu/src/main/res/layout/activity_video_preview_chat.xml" value="0.17930327868852458" />
        <entry key="skWeiChatBaidu/src/main/res/layout/activity_video_record.xml" value="0.17930327868852458" />
        <entry key="skWeiChatBaidu/src/main/res/layout/activity_web_detail.xml" value="0.2455601092896175" />
        <entry key="skWeiChatBaidu/src/main/res/layout/activity_web_view.xml" value="0.2455601092896175" />
        <entry key="skWeiChatBaidu/src/main/res/layout/activity_web_view_room.xml" value="0.17930327868852458" />
        <entry key="skWeiChatBaidu/src/main/res/layout/article_window.xml" value="0.17452185792349728" />
        <entry key="skWeiChatBaidu/src/main/res/layout/block_search_new_friend.xml" value="0.14256756756756755" />
        <entry key="skWeiChatBaidu/src/main/res/layout/block_search_result.xml" value="0.14256756756756755" />
        <entry key="skWeiChatBaidu/src/main/res/layout/block_search_result_single_type.xml" value="0.14256756756756755" />
        <entry key="skWeiChatBaidu/src/main/res/layout/block_select_extension.xml" value="0.16939890710382513" />
        <entry key="skWeiChatBaidu/src/main/res/layout/camera_view.xml" value="0.17930327868852458" />
        <entry key="skWeiChatBaidu/src/main/res/layout/chat.xml" value="0.2455601092896175" />
        <entry key="skWeiChatBaidu/src/main/res/layout/chat_bottom.xml" value="0.13105507631055077" />
        <entry key="skWeiChatBaidu/src/main/res/layout/chat_bottom_face.xml" value="0.2103825136612022" />
        <entry key="skWeiChatBaidu/src/main/res/layout/chat_bottom_for_sg.xml" value="0.2103825136612022" />
        <entry key="skWeiChatBaidu/src/main/res/layout/chat_bottom_public.xml" value="0.2062841530054645" />
        <entry key="skWeiChatBaidu/src/main/res/layout/chat_bottom_select.xml" value="0.2103825136612022" />
        <entry key="skWeiChatBaidu/src/main/res/layout/chat_face_gridview.xml" value="0.14256756756756755" />
        <entry key="skWeiChatBaidu/src/main/res/layout/chat_face_view.xml" value="0.20662568306010928" />
        <entry key="skWeiChatBaidu/src/main/res/layout/chat_for_live.xml" value="0.20662568306010928" />
        <entry key="skWeiChatBaidu/src/main/res/layout/chat_for_sg.xml" value="0.18886612021857924" />
        <entry key="skWeiChatBaidu/src/main/res/layout/chat_from_item_action_card.xml" value="0.2455601092896175" />
        <entry key="skWeiChatBaidu/src/main/res/layout/chat_from_item_call.xml" value="0.20662568306010928" />
        <entry key="skWeiChatBaidu/src/main/res/layout/chat_from_item_card.xml" value="0.2209182531974551" />
        <entry key="skWeiChatBaidu/src/main/res/layout/chat_from_item_link.xml" value="0.1755464480874317" />
        <entry key="skWeiChatBaidu/src/main/res/layout/chat_from_item_text_replay.xml" value="0.20081967213114754" />
        <entry key="skWeiChatBaidu/src/main/res/layout/chat_item_system.xml" value="0.17315573770491804" />
        <entry key="skWeiChatBaidu/src/main/res/layout/chat_to_item_action_card.xml" value="0.2455601092896175" />
        <entry key="skWeiChatBaidu/src/main/res/layout/chat_to_item_card.xml" value="0.17315573770491804" />
        <entry key="skWeiChatBaidu/src/main/res/layout/chat_to_item_link.xml" value="0.1755464480874317" />
        <entry key="skWeiChatBaidu/src/main/res/layout/chat_to_item_text_replay.xml" value="0.20081967213114754" />
        <entry key="skWeiChatBaidu/src/main/res/layout/chat_tools_item.xml" value="0.17930327868852458" />
        <entry key="skWeiChatBaidu/src/main/res/layout/chat_tools_view_all.xml" value="0.17930327868852458" />
        <entry key="skWeiChatBaidu/src/main/res/layout/chat_tools_view_for_sg.xml" value="0.2062841530054645" />
        <entry key="skWeiChatBaidu/src/main/res/layout/chat_voice_window.xml" value="0.2668918918918919" />
        <entry key="skWeiChatBaidu/src/main/res/layout/collection_ma_item.xml" value="0.14256756756756755" />
        <entry key="skWeiChatBaidu/src/main/res/layout/collections_gridview.xml" value="0.19706284153005466" />
        <entry key="skWeiChatBaidu/src/main/res/layout/collections_gridview_init.xml" value="0.14256756756756755" />
        <entry key="skWeiChatBaidu/src/main/res/layout/delete_dialog.xml" value="0.17930327868852458" />
        <entry key="skWeiChatBaidu/src/main/res/layout/dialog_author.xml" value="0.17452185792349728" />
        <entry key="skWeiChatBaidu/src/main/res/layout/dialog_bottom_list.xml" value="0.19228142076502733" />
        <entry key="skWeiChatBaidu/src/main/res/layout/dialog_chat_tool.xml" value="0.17452185792349728" />
        <entry key="skWeiChatBaidu/src/main/res/layout/dialog_delete_muc_file.xml" value="0.17452185792349728" />
        <entry key="skWeiChatBaidu/src/main/res/layout/dialog_double_input.xml" value="0.23599726775956284" />
        <entry key="skWeiChatBaidu/src/main/res/layout/dialog_filter_list.xml" value="0.17930327868852458" />
        <entry key="skWeiChatBaidu/src/main/res/layout/dialog_filter_list_p.xml" value="0.17930327868852458" />
        <entry key="skWeiChatBaidu/src/main/res/layout/dialog_list_menu.xml" value="0.17930327868852458" />
        <entry key="skWeiChatBaidu/src/main/res/layout/dialog_loading.xml" value="0.17452185792349728" />
        <entry key="skWeiChatBaidu/src/main/res/layout/dialog_meet_replay.xml" value="0.13105507631055077" />
        <entry key="skWeiChatBaidu/src/main/res/layout/dialog_share.xml" value="0.16939890710382513" />
        <entry key="skWeiChatBaidu/src/main/res/layout/dialog_single_chat_tool.xml" value="0.2103825136612022" />
        <entry key="skWeiChatBaidu/src/main/res/layout/dialog_single_input.xml" value="0.23599726775956284" />
        <entry key="skWeiChatBaidu/src/main/res/layout/dialog_talk_user.xml" value="0.13105507631055077" />
        <entry key="skWeiChatBaidu/src/main/res/layout/email_dialog.xml" value="0.17930327868852458" />
        <entry key="skWeiChatBaidu/src/main/res/layout/emotion_gridview.xml" value="0.19706284153005466" />
        <entry key="skWeiChatBaidu/src/main/res/layout/face_surgery_layout.xml" value="0.17930327868852458" />
        <entry key="skWeiChatBaidu/src/main/res/layout/filter_item_layout.xml" value="0.17930327868852458" />
        <entry key="skWeiChatBaidu/src/main/res/layout/footer_friend_fragment.xml" value="0.19706284153005466" />
        <entry key="skWeiChatBaidu/src/main/res/layout/footer_pull_refresh.xml" value="0.13105507631055077" />
        <entry key="skWeiChatBaidu/src/main/res/layout/forward_dialog.xml" value="0.2668918918918919" />
        <entry key="skWeiChatBaidu/src/main/res/layout/fragment_contacts.xml" value="0.2455601092896175" />
        <entry key="skWeiChatBaidu/src/main/res/layout/fragment_friend.xml" value="0.2455601092896175" />
        <entry key="skWeiChatBaidu/src/main/res/layout/fragment_me.xml" value="0.2455601092896175" />
        <entry key="skWeiChatBaidu/src/main/res/layout/fragment_message.xml" value="0.2455601092896175" />
        <entry key="skWeiChatBaidu/src/main/res/layout/fragment_pictrue.xml" value="0.17930327868852458" />
        <entry key="skWeiChatBaidu/src/main/res/layout/fragment_room.xml" value="0.13105507631055077" />
        <entry key="skWeiChatBaidu/src/main/res/layout/fragment_user_list_gather.xml" value="0.14256756756756755" />
        <entry key="skWeiChatBaidu/src/main/res/layout/fragment_viedio.xml" value="0.17930327868852458" />
        <entry key="skWeiChatBaidu/src/main/res/layout/fragment_viewpager.xml" value="0.2668918918918919" />
        <entry key="skWeiChatBaidu/src/main/res/layout/fragment_workbench.xml" value="0.2455601092896175" />
        <entry key="skWeiChatBaidu/src/main/res/layout/gag_dialog.xml" value="0.17452185792349728" />
        <entry key="skWeiChatBaidu/src/main/res/layout/head_contact.xml" value="0.16939890710382513" />
        <entry key="skWeiChatBaidu/src/main/res/layout/head_for_messagefragment.xml" value="0.25" />
        <entry key="skWeiChatBaidu/src/main/res/layout/head_for_room_fragment.xml" value="0.2668918918918919" />
        <entry key="skWeiChatBaidu/src/main/res/layout/header_pull_refresh.xml" value="0.12441937624419376" />
        <entry key="skWeiChatBaidu/src/main/res/layout/item_at_select.xml" value="0.17930327868852458" />
        <entry key="skWeiChatBaidu/src/main/res/layout/item_browser.xml" value="0.17930327868852458" />
        <entry key="skWeiChatBaidu/src/main/res/layout/item_camera.xml" value="0.17930327868852458" />
        <entry key="skWeiChatBaidu/src/main/res/layout/item_chat_long_click.xml" value="0.20081967213114754" />
        <entry key="skWeiChatBaidu/src/main/res/layout/item_course_list.xml" value="0.16939890710382513" />
        <entry key="skWeiChatBaidu/src/main/res/layout/item_dialog_bottom_list.xml" value="0.19228142076502733" />
        <entry key="skWeiChatBaidu/src/main/res/layout/item_dialog_meet_replay.xml" value="0.13105507631055077" />
        <entry key="skWeiChatBaidu/src/main/res/layout/item_face_collection.xml" value="0.19706284153005466" />
        <entry key="skWeiChatBaidu/src/main/res/layout/item_face_collection_init.xml" value="0.14256756756756755" />
        <entry key="skWeiChatBaidu/src/main/res/layout/item_face_emotion.xml" value="0.19706284153005466" />
        <entry key="skWeiChatBaidu/src/main/res/layout/item_face_gif.xml" value="0.19706284153005466" />
        <entry key="skWeiChatBaidu/src/main/res/layout/item_filter.xml" value="0.17930327868852458" />
        <entry key="skWeiChatBaidu/src/main/res/layout/item_folder.xml" value="0.17930327868852458" />
        <entry key="skWeiChatBaidu/src/main/res/layout/item_headview_creategroup_chat.xml" value="0.16939890710382513" />
        <entry key="skWeiChatBaidu/src/main/res/layout/item_jitsi_audio_meet_big.xml" value="0.13105507631055077" />
        <entry key="skWeiChatBaidu/src/main/res/layout/item_menu_text.xml" value="0.2062841530054645" />
        <entry key="skWeiChatBaidu/src/main/res/layout/item_muc_file_bean.xml" value="0.17930327868852458" />
        <entry key="skWeiChatBaidu/src/main/res/layout/item_muc_file_title.xml" value="0.17930327868852458" />
        <entry key="skWeiChatBaidu/src/main/res/layout/item_nearby_grid.xml" value="0.16939890710382513" />
        <entry key="skWeiChatBaidu/src/main/res/layout/item_preview.xml" value="0.17930327868852458" />
        <entry key="skWeiChatBaidu/src/main/res/layout/item_progress.xml" value="0.21345628415300547" />
        <entry key="skWeiChatBaidu/src/main/res/layout/item_progress_pecent.xml" value="0.19774590163934427" />
        <entry key="skWeiChatBaidu/src/main/res/layout/item_recently_contacts.xml" value="0.17930327868852458" />
        <entry key="skWeiChatBaidu/src/main/res/layout/item_room_info_view.xml" value="0.17452185792349728" />
        <entry key="skWeiChatBaidu/src/main/res/layout/item_search_history.xml" value="0.17930327868852458" />
        <entry key="skWeiChatBaidu/src/main/res/layout/item_search_result_chat_history.xml" value="0.17930327868852458" />
        <entry key="skWeiChatBaidu/src/main/res/layout/item_search_result_contacts.xml" value="0.16939890710382513" />
        <entry key="skWeiChatBaidu/src/main/res/layout/item_search_result_room.xml" value="0.14256756756756755" />
        <entry key="skWeiChatBaidu/src/main/res/layout/item_search_result_single_chat_history.xml" value="0.17930327868852458" />
        <entry key="skWeiChatBaidu/src/main/res/layout/item_select_chat.xml" value="0.16939890710382513" />
        <entry key="skWeiChatBaidu/src/main/res/layout/item_select_image.xml" value="0.17930327868852458" />
        <entry key="skWeiChatBaidu/src/main/res/layout/item_talk_history.xml" value="0.13105507631055077" />
        <entry key="skWeiChatBaidu/src/main/res/layout/item_text_img_many.xml" value="0.17930327868852458" />
        <entry key="skWeiChatBaidu/src/main/res/layout/item_tools_pager.xml" value="0.17930327868852458" />
        <entry key="skWeiChatBaidu/src/main/res/layout/item_verify.xml" value="0.17930327868852458" />
        <entry key="skWeiChatBaidu/src/main/res/layout/item_workbenchapp.xml" value="0.19603825136612021" />
        <entry key="skWeiChatBaidu/src/main/res/layout/jitsi_talk_item.xml" value="0.13105507631055077" />
        <entry key="skWeiChatBaidu/src/main/res/layout/jitsiconnecting.xml" value="0.13105507631055077" />
        <entry key="skWeiChatBaidu/src/main/res/layout/layout_course_dateils.xml" value="0.16939890710382513" />
        <entry key="skWeiChatBaidu/src/main/res/layout/layout_data_load.xml" value="0.17930327868852458" />
        <entry key="skWeiChatBaidu/src/main/res/layout/layout_expand.xml" value="0.17930327868852458" />
        <entry key="skWeiChatBaidu/src/main/res/layout/layout_list_empty_view.xml" value="0.17930327868852458" />
        <entry key="skWeiChatBaidu/src/main/res/layout/layout_main_footbar.xml" value="0.2455601092896175" />
        <entry key="skWeiChatBaidu/src/main/res/layout/layout_pullrefresh_list.xml" value="0.16939890710382513" />
        <entry key="skWeiChatBaidu/src/main/res/layout/layout_pullrefresh_list_os.xml" value="0.13105507631055077" />
        <entry key="skWeiChatBaidu/src/main/res/layout/layout_pullrefresh_list_slide.xml" value="0.17930327868852458" />
        <entry key="skWeiChatBaidu/src/main/res/layout/layout_workbenchapp.xml" value="0.19603825136612021" />
        <entry key="skWeiChatBaidu/src/main/res/layout/local_course_empty_view.xml" value="0.16939890710382513" />
        <entry key="skWeiChatBaidu/src/main/res/layout/manager_company_item.xml" value="0.2455601092896175" />
        <entry key="skWeiChatBaidu/src/main/res/layout/manager_company_item_select.xml" value="0.16939890710382513" />
        <entry key="skWeiChatBaidu/src/main/res/layout/message_instantconfirm.xml" value="0.16939890710382513" />
        <entry key="skWeiChatBaidu/src/main/res/layout/message_instantconfirm_new.xml" value="0.17930327868852458" />
        <entry key="skWeiChatBaidu/src/main/res/layout/msg_save_days_dialog.xml" value="0.17930327868852458" />
        <entry key="skWeiChatBaidu/src/main/res/layout/nearby_near_grid_fragment.xml" value="0.16939890710382513" />
        <entry key="skWeiChatBaidu/src/main/res/layout/open_browser.xml" value="0.17930327868852458" />
        <entry key="skWeiChatBaidu/src/main/res/layout/p_msg_item_main_body.xml" value="0.17930327868852458" />
        <entry key="skWeiChatBaidu/src/main/res/layout/page_audio_meet_member.xml" value="0.13105507631055077" />
        <entry key="skWeiChatBaidu/src/main/res/layout/panel_audio_meet_multi.xml" value="0.13105507631055077" />
        <entry key="skWeiChatBaidu/src/main/res/layout/panel_audio_meet_single.xml" value="0.13105507631055077" />
        <entry key="skWeiChatBaidu/src/main/res/layout/photopicker_toolbar.xml" value="0.23394808743169399" />
        <entry key="skWeiChatBaidu/src/main/res/layout/pop_at_room_member.xml" value="0.17930327868852458" />
        <entry key="skWeiChatBaidu/src/main/res/layout/pop_send_card.xml" value="0.17930327868852458" />
        <entry key="skWeiChatBaidu/src/main/res/layout/popu_basicinfo.xml" value="0.17452185792349728" />
        <entry key="skWeiChatBaidu/src/main/res/layout/popu_company.xml" value="0.13105507631055077" />
        <entry key="skWeiChatBaidu/src/main/res/layout/popu_create.xml" value="0.16939890710382513" />
        <entry key="skWeiChatBaidu/src/main/res/layout/popu_department.xml" value="0.13105507631055077" />
        <entry key="skWeiChatBaidu/src/main/res/layout/popu_employee.xml" value="0.13105507631055077" />
        <entry key="skWeiChatBaidu/src/main/res/layout/popu_message.xml" value="0.17930327868852458" />
        <entry key="skWeiChatBaidu/src/main/res/layout/progress.xml" value="0.21345628415300547" />
        <entry key="skWeiChatBaidu/src/main/res/layout/pulldown_loading_view.xml" value="0.19706284153005466" />
        <entry key="skWeiChatBaidu/src/main/res/layout/report_dialog.xml" value="0.17930327868852458" />
        <entry key="skWeiChatBaidu/src/main/res/layout/row_add_telephone.xml" value="0.17452185792349728" />
        <entry key="skWeiChatBaidu/src/main/res/layout/row_chat_history.xml" value="0.18886612021857924" />
        <entry key="skWeiChatBaidu/src/main/res/layout/row_constant_select.xml" value="0.13105507631055077" />
        <entry key="skWeiChatBaidu/src/main/res/layout/row_contacts_msg_invite.xml" value="0.17930327868852458" />
        <entry key="skWeiChatBaidu/src/main/res/layout/row_create_label.xml" value="0.17452185792349728" />
        <entry key="skWeiChatBaidu/src/main/res/layout/row_designation.xml" value="0.17930327868852458" />
        <entry key="skWeiChatBaidu/src/main/res/layout/row_image_video.xml" value="0.17930327868852458" />
        <entry key="skWeiChatBaidu/src/main/res/layout/row_item_delete.xml" value="0.17452185792349728" />
        <entry key="skWeiChatBaidu/src/main/res/layout/row_item_delete_style.xml" value="0.17452185792349728" />
        <entry key="skWeiChatBaidu/src/main/res/layout/row_local_video.xml" value="0.16939890710382513" />
        <entry key="skWeiChatBaidu/src/main/res/layout/row_muc_room.xml" value="0.13105507631055077" />
        <entry key="skWeiChatBaidu/src/main/res/layout/row_nearly_message.xml" value="0.13105507631055077" />
        <entry key="skWeiChatBaidu/src/main/res/layout/row_new_friend.xml" value="0.16939890710382513" />
        <entry key="skWeiChatBaidu/src/main/res/layout/row_notice.xml" value="0.17452185792349728" />
        <entry key="skWeiChatBaidu/src/main/res/layout/row_report.xml" value="0.17930327868852458" />
        <entry key="skWeiChatBaidu/src/main/res/layout/row_room_all_member.xml" value="0.17452185792349728" />
        <entry key="skWeiChatBaidu/src/main/res/layout/row_search_chat_history.xml" value="0.17930327868852458" />
        <entry key="skWeiChatBaidu/src/main/res/layout/row_select_contacts.xml" value="0.17930327868852458" />
        <entry key="skWeiChatBaidu/src/main/res/layout/row_select_contacts_clone.xml" value="0.17452185792349728" />
        <entry key="skWeiChatBaidu/src/main/res/layout/row_select_contacts_jitsi.xml" value="0.13105507631055077" />
        <entry key="skWeiChatBaidu/src/main/res/layout/row_select_friend.xml" value="0.17452185792349728" />
        <entry key="skWeiChatBaidu/src/main/res/layout/row_select_label.xml" value="0.16939890710382513" />
        <entry key="skWeiChatBaidu/src/main/res/layout/row_set_label.xml" value="0.17452185792349728" />
        <entry key="skWeiChatBaidu/src/main/res/layout/row_set_label_search.xml" value="0.17452185792349728" />
        <entry key="skWeiChatBaidu/src/main/res/layout/row_show_telephone.xml" value="0.10277777777777777" />
        <entry key="skWeiChatBaidu/src/main/res/layout/row_sort_friend.xml" value="0.13105507631055077" />
        <entry key="skWeiChatBaidu/src/main/res/layout/row_transfer.xml" value="0.17452185792349728" />
        <entry key="skWeiChatBaidu/src/main/res/layout/save_to_galley.xml" value="0.17452185792349728" />
        <entry key="skWeiChatBaidu/src/main/res/layout/select_chat_mode_dialog.xml" value="0.17452185792349728" />
        <entry key="skWeiChatBaidu/src/main/res/layout/selection_frame.xml" value="0.17930327868852458" />
        <entry key="skWeiChatBaidu/src/main/res/layout/tab_custom.xml" value="0.17930327868852458" />
        <entry key="skWeiChatBaidu/src/main/res/layout/tip_dialog.xml" value="0.23599726775956284" />
        <entry key="skWeiChatBaidu/src/main/res/layout/tip_dialog_permission_explain.xml" value="0.13105507631055077" />
        <entry key="skWeiChatBaidu/src/main/res/layout/verify_dialog.xml" value="0.23599726775956284" />
        <entry key="skWeiChatBaidu/src/main/res/layout/view_call_incall_false.xml" value="0.13105507631055077" />
        <entry key="skWeiChatBaidu/src/main/res/layout/view_call_trying.xml" value="0.13105507631055077" />
        <entry key="skWeiChatBaidu/src/main/res/layout/view_dialer_button_image.xml" value="0.13105507631055077" />
        <entry key="skWeiChatBaidu/src/main/res/layout/view_dialer_button_text.xml" value="0.13105507631055077" />
        <entry key="skWeiChatBaidu/src/main/res/layout/view_dialer_buttons.xml" value="0.13105507631055077" />
        <entry key="skWeiChatBaidu/src/main/res/layout/view_head.xml" value="0.1830601092896175" />
        <entry key="skWeiChatBaidu/src/main/res/layout/view_holder_state_from.xml" value="0.20662568306010928" />
        <entry key="skWeiChatBaidu/src/main/res/layout/view_holder_state_to.xml" value="0.20662568306010928" />
        <entry key="skWeiChatBaidu/src/main/res/layout/view_voice_anim.xml" value="0.19774590163934427" />
        <entry key="skWeiChatBaidu/src/main/res/layout/viewstub_chatactivity.xml" value="0.2455601092896175" />
        <entry key="skWeiChatBaidu/src/main/res/layout/viewstub_sg.xml" value="0.16939890710382513" />
        <entry key="skWeiChatBaidu/src/main/res/menu/menu_picker.xml" value="0.2668918918918919" />
      </map>
    </option>
  </component>
</application>