<application>
  <component name="FileTypeManager" version="17">
    <extensionMap>
      <mapping ext="gradle.kts" type="Kotlin" />
      <mapping ext="main.kts" type="Kotlin" />
      <mapping pattern="video" type="PLAIN_TEXT" />
      <mapping pattern="DownUpLineCard" type="PLAIN_TEXT" />
      <mapping pattern="1" type="PLAIN_TEXT" />
      <mapping pattern="lvluo_office" type="PLAIN_TEXT" />
      <mapping pattern="img" type="PLAIN_TEXT" />
      <mapping pattern="AdQEGqIcLm_iNJRZg8OInByUrUc=" type="PLAIN_TEXT" />
      <mapping pattern="default_config" type="PLAIN_TEXT" />
    </extensionMap>
  </component>
</application>