<application>
  <component name="FileTypeManager" version="19">
    <extensionMap>
      <mapping pattern="Jenkinsfile-oupdemo-test" type="AUTO_DETECTED" />
      <mapping pattern="Jenkinsfile-preview" type="AUTO_DETECTED" />
      <mapping pattern="Jenkinsfile-oupdemo" type="AUTO_DETECTED" />
      <mapping pattern="Build-Modules" type="AUTO_DETECTED" />
      <mapping pattern="Jenkinsfile-cms" type="AUTO_DETECTED" />
      <mapping pattern="Jenkinsfile-cms-vastdata" type="AUTO_DETECTED" />
      <mapping pattern="Jenkinsfile-devstable" type="AUTO_DETECTED" />
      <mapping pattern="Jenkinsfile" type="AUTO_DETECTED" />
      <mapping pattern="Jenkinsfile-preiew" type="AUTO_DETECTED" />
      <mapping pattern="Jenkinsfile-test" type="AUTO_DETECTED" />
      <mapping pattern="Jenkinsfile-cms-vastbase" type="AUTO_DETECTED" />
      <mapping pattern="Jenkinsfile-dev" type="AUTO_DETECTED" />
      <mapping pattern="t" type="AUTO_DETECTED" />
      <mapping ext="gradle.kts" type="Kotlin" />
      <mapping ext="main.kts" type="Kotlin" />
      <mapping pattern="AdQEGqIcLm_iNJRZg8OInByUrUc=" type="PLAIN_TEXT" />
      <mapping pattern=".env.local" type="PLAIN_TEXT" />
      <mapping pattern=".gitkeep" type="PLAIN_TEXT" />
      <mapping pattern="1" type="PLAIN_TEXT" />
      <mapping pattern=".env.development" type="PLAIN_TEXT" />
      <mapping pattern=".env.production" type="PLAIN_TEXT" />
      <mapping pattern="img" type="PLAIN_TEXT" />
      <mapping pattern="video" type="PLAIN_TEXT" />
      <mapping pattern="DownUpLineCard" type="PLAIN_TEXT" />
      <mapping pattern=".env.preview" type="PLAIN_TEXT" />
      <mapping pattern="default_config" type="PLAIN_TEXT" />
      <mapping pattern="lvluo_office" type="PLAIN_TEXT" />
      <mapping ext="textclipping" type="PLAIN_TEXT" />
      <mapping ext="p12" type="PLAIN_TEXT" />
      <mapping ext="torrent" type="PLAIN_TEXT" />
      <mapping ext="template" type="PLAIN_TEXT" />
      <mapping ext="vue" type="PLAIN_TEXT" />
      <removed_mapping ext="apk" approved="true" type="ARCHIVE" />
      <removed_mapping ext="psd" approved="true" type="Image" />
      <removed_mapping ext="vue" approved="true" type="Vue.js" />
    </extensionMap>
  </component>
</application>