<application>
  <component name="FindSettings">
    <option name="customScope" value="All Places" />
    <option name="defaultScopeName" value="All Places" />
    <option name="SEARCH_SCOPE" value="All Places" />
    <mask>*.css</mask>
    <mask>*.html</mask>
    <mask>*.jsp</mask>
    <mask>*.properties</mask>
    <mask>*.dart</mask>
    <mask>*.pro</mask>
    <mask>*.gradle</mask>
    <mask>*.js</mask>
    <mask>*.java</mask>
    <mask>*.yml</mask>
    <mask>*.xml</mask>
    <mask>*.sql</mask>
  </component>
</application>