<application>
  <component name="ProfilerRunConfigurations">
    <profilerRunConfigurations />
    <knownConfigurationTypes>
      <id>IntellijProfilerConfiguration</id>
      <id>AsyncProfilerCPUConfiguration</id>
      <id>AsyncProfilerMemoryConfiguration</id>
      <id>AsyncProfilerConfiguration</id>
      <id>JFRSimpleConfiguration</id>
    </knownConfigurationTypes>
    <migrationStatus>
      <status languageGroup="Java Profiler Configuration Type" lastMigrationIndex="3" />
    </migrationStatus>
  </component>
</application>