<application>
  <component name="SshRecentConnectionsManager">
    <option name="connections">
      <list>
        <SshRecentConnectionState>
          <option name="host" value="192.168.3.96" />
          <option name="projects">
            <list>
              <RecentProjectState>
                <option name="date" value="1714574881359" />
                <option name="installedIde">
                  <RecentProjectInstalledIde>
                    <option name="buildNumber" value="222.4554.10" />
                    <option name="pathToIde" value="/home/tam/.cache/JetBrains/RemoteDev/dist/b1c63639c1b19_ideaIU-2022.2.5" />
                    <option name="productCode" value="IU" />
                  </RecentProjectInstalledIde>
                </option>
                <option name="projectPath" value="/home/tam/Work/Java/baas-api" />
                <option name="sshConfigId" value="71294d55-d069-408d-9200-56e00d3a1bc3" />
              </RecentProjectState>
            </list>
          </option>
          <option name="userName" value="tam" />
        </SshRecentConnectionState>
      </list>
    </option>
  </component>
</application>