<application>
  <component name="Trusted.Paths">
    <option name="TRUSTED_PROJECT_PATHS">
      <map>
        <entry key="$USER_HOME$/Desktop/PigX" value="true" />
        <entry key="$USER_HOME$/Desktop/demo" value="true" />
        <entry key="$USER_HOME$/Downloads" value="true" />
        <entry key="$USER_HOME$/Library/Containers/com.tencent.xinWeChat/Data/Library/Application Support/com.tencent.xinWeChat/2.0b4.0.9/d3a43907c09cae1dec5ef709ca78cd09/Message/MessageTemp/f0b745a67c807a4518c599ec0771d7ee/File" value="true" />
        <entry key="$USER_HOME$/Program/apache-maven-3.6.3/conf" value="true" />
        <entry key="$USER_HOME$/Work/Java/AppHelper" value="true" />
        <entry key="$USER_HOME$/Work/Java/DevToolkit" value="true" />
        <entry key="$USER_HOME$/Work/Java/EFP6" value="true" />
        <entry key="$USER_HOME$/Work/Java/EFP6-highgo" value="true" />
        <entry key="$USER_HOME$/Work/Java/FileServer" value="true" />
        <entry key="$USER_HOME$/Work/Java/FileService" value="true" />
        <entry key="$USER_HOME$/Work/Java/NoteProject" value="true" />
        <entry key="$USER_HOME$/Work/Java/PasswordBackend" value="true" />
        <entry key="$USER_HOME$/Work/Java/PckTools" value="true" />
        <entry key="$USER_HOME$/Work/Java/QQBotServer" value="true" />
        <entry key="$USER_HOME$/Work/Java/SpringSecurityDemo" value="true" />
        <entry key="$USER_HOME$/Work/Java/TVDisplay/server" value="true" />
        <entry key="$USER_HOME$/Work/Java/Test01" value="true" />
        <entry key="$USER_HOME$/Work/Java/TranslateTools" value="true" />
        <entry key="$USER_HOME$/Work/Java/android-play-publisher-api/v3/java" value="true" />
        <entry key="$USER_HOME$/Work/Java/base-server" value="true" />
        <entry key="$USER_HOME$/Work/Java/bt" value="true" />
        <entry key="$USER_HOME$/Work/Java/cricket-platform-backend" value="true" />
        <entry key="$USER_HOME$/Work/Java/data-enabled-platform" value="true" />
        <entry key="$USER_HOME$/Work/Java/dataease-com" value="true" />
        <entry key="$USER_HOME$/Work/Java/dottools-baas" value="true" />
        <entry key="$USER_HOME$/Work/Java/efp-oup-samples" value="true" />
        <entry key="$USER_HOME$/Work/Java/jnjtysxm" value="true" />
        <entry key="$USER_HOME$/Work/Java/jnjtysxm_xjob" value="true" />
        <entry key="$USER_HOME$/Work/Java/oup" value="true" />
        <entry key="$USER_HOME$/Work/Java/oup-preview" value="true" />
        <entry key="$USER_HOME$/Work/Java/qixin_data" value="true" />
        <entry key="$USER_HOME$/Work/Java/question-and-answer" value="true" />
        <entry key="$USER_HOME$/Work/Java/sfxzyth" value="true" />
        <entry key="$USER_HOME$/Work/Java/sxgbgzpt/05-项目研发/sxgbgzpt" value="true" />
        <entry key="$USER_HOME$/Work/Java/tools-server" value="true" />
        <entry key="$USER_HOME$/Work/Kotlin/learn-01" value="true" />
        <entry key="$USER_HOME$/Work/vue/commonCom" value="true" />
        <entry key="$USER_HOME$/Work/vue/efp-doc" value="true" />
      </map>
    </option>
  </component>
</application>