<application>
  <component name="DimensionService">
    <location key="find.popup.0.0.3584.2240@192dpi" x="460" y="550" />
    <location key="find.popup.-1920.0.1920.1080" x="-1261" y="295" />
    <location key="REMOTE_DEVELOPMENT_CONNECTION.0.0.3584.2240@192dpi" x="992" y="440" />
    <location key="find.popup.0.0.1920.1080" x="173" y="295" />
    <size key="GridCell.Tab.0.left.0.0.3584.2240@192dpi" width="2392" height="1080" />
    <size key="GridCell.Tab.0.center.0.0.3584.2240@192dpi" width="2392" height="1080" />
    <size key="GridCell.Tab.0.right.0.0.3584.2240@192dpi" width="2392" height="1080" />
    <size key="GridCell.Tab.0.bottom.0.0.3584.2240@192dpi" width="2392" height="1080" />
    <size key="GridCell.Tab.0.left.0.0.3584.2240@240dpi" width="3480" height="610" />
    <size key="GridCell.Tab.0.center.0.0.3584.2240@240dpi" width="3480" height="610" />
    <size key="GridCell.Tab.0.right.0.0.3584.2240@240dpi" width="3480" height="610" />
    <size key="GridCell.Tab.0.bottom.0.0.3584.2240@240dpi" width="3480" height="610" />
    <size key="find.popup.0.0.3584.2240@192dpi" width="1302" height="1084" />
    <size key="GridCell.Tab.1.left.0.0.3584.2240@192dpi" width="3420" height="1080" />
    <size key="GridCell.Tab.1.center.0.0.3584.2240@192dpi" width="3420" height="1080" />
    <size key="GridCell.Tab.1.right.0.0.3584.2240@192dpi" width="3420" height="1080" />
    <size key="GridCell.Tab.1.bottom.0.0.3584.2240@192dpi" width="3420" height="1080" />
    <size key="GridCell.Tab.0.left.0.0.1920.1080" width="1838" height="642" />
    <size key="GridCell.Tab.0.center.0.0.1920.1080" width="1838" height="642" />
    <size key="GridCell.Tab.0.right.0.0.1920.1080" width="1838" height="642" />
    <size key="GridCell.Tab.0.bottom.0.0.1920.1080" width="1838" height="642" />
    <size key="GridCell.Tab.1.left.0.0.1920.1080" width="1838" height="642" />
    <size key="GridCell.Tab.1.center.0.0.1920.1080" width="1838" height="642" />
    <size key="GridCell.Tab.1.right.0.0.1920.1080" width="1838" height="642" />
    <size key="GridCell.Tab.1.bottom.0.0.1920.1080" width="1838" height="642" />
    <size key="GridCell.Tab.0.left.-1920.0.1920.1080" width="1878" height="280" />
    <size key="GridCell.Tab.0.center.-1920.0.1920.1080" width="1878" height="280" />
    <size key="GridCell.Tab.0.right.-1920.0.1920.1080" width="1878" height="280" />
    <size key="GridCell.Tab.0.bottom.-1920.0.1920.1080" width="1878" height="280" />
    <size key="GridCell.Tab.1.left.-1920.0.1920.1080" width="1878" height="280" />
    <size key="GridCell.Tab.1.center.-1920.0.1920.1080" width="1878" height="280" />
    <size key="GridCell.Tab.1.right.-1920.0.1920.1080" width="1878" height="280" />
    <size key="GridCell.Tab.1.bottom.-1920.0.1920.1080" width="1878" height="280" />
    <size key="find.popup.-1920.0.1920.1080" width="818" height="490" />
    <size key="GridCell.Tab.2.left.0.0.3584.2240@192dpi" width="3420" height="1080" />
    <size key="GridCell.Tab.2.center.0.0.3584.2240@192dpi" width="3420" height="1080" />
    <size key="GridCell.Tab.2.right.0.0.3584.2240@192dpi" width="3420" height="1080" />
    <size key="GridCell.Tab.2.bottom.0.0.3584.2240@192dpi" width="3420" height="1080" />
    <size key="REMOTE_DEVELOPMENT_CONNECTION.0.0.3584.2240@192dpi" width="1600" height="1358" />
    <size key="GridCell.Tab.2.left.0.0.1920.1080" width="1838" height="642" />
    <size key="GridCell.Tab.2.center.0.0.1920.1080" width="1838" height="642" />
    <size key="GridCell.Tab.2.right.0.0.1920.1080" width="1838" height="642" />
    <size key="GridCell.Tab.2.bottom.0.0.1920.1080" width="1838" height="642" />
    <size key="find.popup.0.0.1920.1080" width="925" height="488" />
    <size key="GridCell.Tab.3.left.0.0.3584.2240@192dpi" width="3420" height="1080" />
    <size key="GridCell.Tab.3.center.0.0.3584.2240@192dpi" width="3420" height="1080" />
    <size key="GridCell.Tab.3.right.0.0.3584.2240@192dpi" width="3420" height="1080" />
    <size key="GridCell.Tab.3.bottom.0.0.3584.2240@192dpi" width="3420" height="1080" />
    <size key="GridCell.Tab.4.left.0.0.3584.2240@192dpi" width="3420" height="1080" />
    <size key="GridCell.Tab.4.center.0.0.3584.2240@192dpi" width="3420" height="1080" />
    <size key="GridCell.Tab.4.right.0.0.3584.2240@192dpi" width="3420" height="1080" />
    <size key="GridCell.Tab.4.bottom.0.0.3584.2240@192dpi" width="3420" height="1080" />
    <size key="GridCell.Tab.5.left.0.0.3584.2240@192dpi" width="3420" height="1080" />
    <size key="GridCell.Tab.5.center.0.0.3584.2240@192dpi" width="3420" height="1080" />
    <size key="GridCell.Tab.5.right.0.0.3584.2240@192dpi" width="3420" height="1080" />
    <size key="GridCell.Tab.5.bottom.0.0.3584.2240@192dpi" width="3420" height="1080" />
    <size key="GridCell.Tab.3.left.0.0.1920.1080" width="1838" height="642" />
    <size key="GridCell.Tab.3.center.0.0.1920.1080" width="1838" height="642" />
    <size key="GridCell.Tab.3.right.0.0.1920.1080" width="1838" height="642" />
    <size key="GridCell.Tab.3.bottom.0.0.1920.1080" width="1838" height="642" />
    <size key="GridCell.Tab.4.left.0.0.1920.1080" width="1838" height="642" />
    <size key="GridCell.Tab.4.center.0.0.1920.1080" width="1838" height="642" />
    <size key="GridCell.Tab.4.right.0.0.1920.1080" width="1838" height="642" />
    <size key="GridCell.Tab.4.bottom.0.0.1920.1080" width="1838" height="642" />
    <size key="GridCell.Tab.5.left.0.0.1920.1080" width="1838" height="642" />
    <size key="GridCell.Tab.5.center.0.0.1920.1080" width="1838" height="642" />
    <size key="GridCell.Tab.5.right.0.0.1920.1080" width="1838" height="642" />
    <size key="GridCell.Tab.5.bottom.0.0.1920.1080" width="1838" height="642" />
  </component>
  <component name="WindowManager">
    <frame x="0" y="0" width="1792" height="1120" extendedState="6" fullScreen="true" />
  </component>
  <component name="WindowStateApplicationService">
    <state width="843" height="138" key="ShowUsagesActions.dimensionServiceKey" timestamp="1743574306007">
      <screen x="0" y="0" width="1792" height="1120" />
    </state>
    <state width="843" height="138" key="ShowUsagesActions.dimensionServiceKey/0.0.1792.1120" timestamp="1743574306007" />
    <state width="619" height="162" key="ShowUsagesActions.dimensionServiceKey/0.25.1792.1095" timestamp="1741589506325" />
    <state x="913" y="517" width="944" height="765" key="WELCOME_SCREEN" timestamp="1743163691490">
      <screen x="35" y="25" width="1757" height="1095" />
    </state>
    <state x="913" y="508" width="888" height="713" key="WELCOME_SCREEN/34.25.1758.1095" timestamp="1742526670103" />
    <state x="913" y="517" width="944" height="765" key="WELCOME_SCREEN/35.25.1757.1095" timestamp="1743163691490" />
    <state x="896" y="491" width="886" height="713" key="WELCOME_SCREEN/36.25.1756.1095" timestamp="1742437303030" />
    <state x="914" y="503" width="850" height="681" key="WELCOME_SCREEN/37.25.1755.1095" timestamp="1741675281367" />
    <state x="915" y="503" width="850" height="681" key="WELCOME_SCREEN/39.25.1753.1095" timestamp="1738982568174" />
    <state x="915" y="505" width="869" height="697" key="WELCOME_SCREEN/40.25.1752.1095" timestamp="1741928724804" />
    <state x="916" y="503" width="849" height="681" key="WELCOME_SCREEN/41.25.1751.1095" timestamp="1739785623984" />
    <state x="895" y="483" width="829" height="665" key="WELCOME_SCREEN/42.25.1750.1095" timestamp="1739927743544" />
    <state x="923" y="500" width="824" height="665" key="WELCOME_SCREEN/54.25.1738.1095" timestamp="1739927902674" />
    <state width="300" height="523" key="manage.recent.projects.popup" timestamp="1736488212572">
      <screen x="0" y="0" width="1792" height="1120" />
    </state>
    <state width="300" height="523" key="manage.recent.projects.popup/0.0.1792.1120" timestamp="1736488212572" />
  </component>
</application>