<application>
  <component name="AppStorage">
    <histories>
      <item value="&lt;string name=&quot;app_name&quot;&gt;Diet diary&lt;string&gt; &lt;string name=&quot;txt_open&quot;&gt;open&lt;string&gt; &lt;string name=&quot;txt_close&quot;&gt;close&lt;string&gt; &lt;string name=&quot;title_drink&quot;&gt;Drink&lt;string&gt; &lt;string name=&quot;title_breakfast&quot;&gt;Breakfast&lt;string&gt; &lt;string name=&quot;title_lunch&quot;&gt;Lunch&lt;string&gt; &lt;string name=&quot;title_dinner&quot;&gt;Dinner&lt;string&gt; &lt;string name=&quot;title_snacks&quot;&gt;Snack&lt;string&gt; &lt;string name=&quot;title_today&quot;&gt;Today\'s diet&lt;string&gt; &lt;string name=&quot;title_my_cup&quot;&gt;My Cup&lt;string&gt; &lt;string name=&quot;title_my_food&quot;&gt;My Food&lt;string&gt; &lt;!-- 200mL--&gt; &lt;string name=&quot;txt_system_cup_s&quot;&gt;Small cup&lt;string&gt; &lt;!-- 350mL--&gt; &lt;string name=&quot;txt_system_cup_m&quot;&gt;Medium cup&lt;string&gt; &lt;!-- 500mL--&gt; &lt;string name=&quot;txt_system_cup_l&quot;&gt;Large cup&lt;string&gt; &lt;string name=&quot;txt_system_cup_xl&quot;&gt;Extra large cup&lt;string&gt;" />
    </histories>
  </component>
  <component name="Cache">
    <option name="lastTrimTime" value="1635085175078" />
  </component>
</application>